URL_LENGTH,NUMBER_SPECIAL_CHARACTERS,WHOIS_COUNTRY,WHOIS_STATEPRO,WHOIS_REGDATE,WHOIS_UPDATED_DATE,Type
16,7,None,None,10-10-2015 18:21,None,1
16,6,None,None,None,None,0
16,6,None,None,None,None,0
17,6,US,AK,07-10-1997 04:00,12-09-2013 00:45,0
17,6,US,TX,12-05-1996 00:00,11-04-2017 00:00,0
18,7,SC,Mahe,03-08-2016 14:30,03-10-2016 03:45,0
18,6,US,CO,29-07-2002 00:00,01-07-2016 00:00,0
19,6,US,FL,18-03-1997 00:00,19-03-2017 00:00,0
20,5,None,None,08-11-2014 07:41,None,1
20,5,None,None,08-11-2014 07:41,None,1
20,6,US,Kansas,14-09-2007 00:00,09-09-2015 00:00,0
20,6,US,CO,22-11-2016 00:00,23-11-2016 00:00,0
20,7,GB,None,11-10-2002 00:00,06-10-2016 00:00,0
20,6,None,None,14-11-2002 00:00,19-04-2015 00:00,0
20,7,None,None,None,None,0
21,7,UK,None,16-07-2000 00:00,04-07-2015 00:00,1
21,7,RU,Novosibirskaya obl.,25-05-2013 00:00,23-05-2016 00:00,1
21,6,None,None,09-08-1999 00:00,10-02-2015 00:00,0
21,6,None,None,None,None,0
22,7,US,CO,15-09-2013 00:00,25-02-2017 00:00,1
22,6,US,CA,03-07-1999 00:00,07-08-2015 00:00,0
22,6,US,Tennessee,02-11-2003 00:00,29-06-2015 00:00,0
22,6,None,None,12-08-2008 22:10,13-07-2016 17:36,0
22,7,AU,Vi,21-05-2009 00:00,15-05-2016 00:00,0
22,6,US,FL,01-08-2002 00:00,22-03-2016 00:00,0
22,6,US,OR,13-01-2005 00:00,02-03-2017 00:00,0
22,6,US,Texas,18-05-2005 19:41,19-05-2016 10:14,0
22,6,CA,ALBERTA,04-01-2001 00:00,03-03-2017 00:00,0
23,6,US,FL,28-02-2008 10:58,14-02-2017 20:27,0
23,6,PA,PANAMA,08-12-2006 00:00,14-12-2015 00:00,0
23,6,se,None,16-06-2000 00:00,18-05-2016 00:00,0
23,6,None,None,None,None,0
23,7,None,None,13-10-2000 00:00,27-04-2017 00:00,0
23,6,US,Arizona,31-12-1999 00:00,09-04-2017 00:00,0
23,7,None,None,None,None,0
23,6,US,TX,30-07-1996 00:00,04-07-2016 00:00,0
23,6,GB,None,09-05-2008 00:00,27-11-2015 00:00,0
23,6,US,WI,23-04-1999 00:00,25-07-2016 00:00,0
23,6,US,Oregon,04-02-1997 00:00,08-11-2014 00:00,0
23,6,IN,Andhra Pradesh,13-02-2003 00:00,14-02-2017 00:00,0
23,6,US,CA,17-05-2008 00:00,18-05-2016 00:00,0
23,6,CA,AB,30-05-2002 00:00,31-05-2016 00:00,0
23,6,None,None,20-10-2005 00:00,30-09-2016 00:00,0
24,8,None,None,None,None,1
24,9,IN,Tamil Nadu,None,None,1
24,6,LU,None,07-01-2006 00:00,14-12-2016 00:00,0
24,6,US,VA,05-03-1996 05:00,27-05-2016 14:46,0
24,7,US,NY,23-03-1995 00:00,03-03-2017 00:00,0
24,6,None,None,10-01-1998 00:00,11-11-2012 00:00,0
24,6,None,None,27-04-2016 00:00,29-04-2017 00:00,0
24,6,CA,quebec,07-04-2011 00:00,08-04-2017 00:00,0
24,8,US,MA,26-02-2009 00:00,06-01-2017 00:00,0
24,6,CA,ON,03-07-2002 00:00,02-07-2016 00:00,0
24,7,None,None,None,None,0
24,7,None,None,21-02-1995 00:00,19-02-2017 00:00,0
24,6,US,New Mexico,04-07-2007 00:00,05-07-2016 00:00,0
24,6,PA,PANAMA,02-07-1998 00:00,06-02-2017 00:00,0
25,6,CA,British Columbia,10-03-2005 00:00,04-01-2017 00:00,0
25,7,US,NY,23-03-1995 00:00,03-03-2017 00:00,0
25,6,US,NY,15-12-2004 00:00,13-11-2016 00:00,0
25,6,US,Massachusetts,25-02-2008 00:00,26-02-2017 00:00,0
25,6,None,None,27-01-2005 00:00,15-11-2013 00:00,0
25,6,US,California,14-09-2006 00:00,09-09-2016 00:00,0
25,6,None,None,None,None,0
25,6,TH,bangkok,30-04-2010 14:12,12-03-2017 01:47,0
25,6,US,CA,22-04-1997 00:00,22-02-2017 00:00,0
25,6,GB,WEST MIDLANDS,16-07-2016 00:00,22-12-2016 00:00,0
25,6,US,CO,27-11-2016 19:09,01-02-2017 00:01,0
25,6,US,California,30-10-2009 00:00,27-10-2016 00:00,0
26,8,None,None,12-03-2009 21:00,None,1
26,8,None,None,09-03-2000 17:50,None,1
26,7,US,TEXAS,30-05-2008 00:00,30-05-2016 00:00,1
26,7,GB,WC1N,25-09-2000 00:00,18-07-2016 00:00,1
26,7,GB,WC1N,09-04-2002 00:00,10-04-2017 00:00,1
26,7,GB,WC1N,09-04-2002 00:00,10-04-2017 00:00,1
26,6,US,Kentucky,11-01-1997 00:00,30-04-2015 00:00,0
26,7,US,MD,11-06-2000 00:00,03-03-2017 00:00,0
26,6,CA,ON,13-02-2002 19:55,23-02-2017 17:46,0
26,6,PA,PANAMA,19-12-2007 00:00,21-11-2016 00:00,0
26,6,None,None,06-11-1997 00:00,06-11-2016 00:00,0
26,7,US,NY,23-03-1995 00:00,03-03-2017 00:00,0
26,6,US,CA,21-01-2000 00:00,08-11-2016 00:00,0
26,6,US,NEW YORK,27-04-2009 00:00,27-02-2017 00:00,0
26,7,None,None,11-10-2000 00:00,12-12-2016 00:00,0
26,6,CA,British Columbia,04-08-1998 00:00,10-04-2017 00:00,0
26,6,US,FL,31-05-2000 00:00,02-04-2014 00:00,0
26,7,US,NY,23-03-1995 00:00,03-03-2017 00:00,0
26,7,US,NY,23-03-1995 00:00,03-03-2017 00:00,0
26,6,US,Washington,23-10-1999 00:00,13-08-2016 00:00,0
26,6,US,Colorado,23-06-2010 00:00,23-04-2015 00:00,0
26,6,US,TX,09-03-2000 00:00,13-02-2014 00:00,0
26,6,US,PA,13-04-1994 00:00,13-03-2017 00:00,0
26,6,US,LA,09-06-2010 00:00,21-06-2016 00:00,0
26,6,US,Arizona,29-04-2009 00:00,08-03-2017 00:00,0
27,7,GB,WC1N,16-06-2000 00:00,16-02-2016 00:00,1
27,7,US,PA,19-01-2015 00:00,03-03-2017 00:00,1
27,8,US,WA,11-11-2015 00:00,13-03-2017 00:00,0
27,6,US,CO,22-03-2017 00:00,23-03-2017 00:00,0
27,6,US,TEXAS,03-11-2009 00:00,04-03-2017 00:00,0
27,6,AU,Queensland,19-07-2010 20:03,20-09-2016 13:11,0
27,6,None,None,28-04-1997 00:00,24-04-2017 00:00,0
27,7,US,FL,04-03-1996 00:00,07-01-2015 00:00,0
28,9,RU,MOSCOW,24-10-2007 00:00,22-10-2016 00:00,1
28,7,US,FL,21-10-2004 00:00,14-10-2014 00:00,1
28,6,US,CA,29-03-1997 00:00,29-11-2016 00:00,0
28,7,FR,None,10-06-2008 00:00,09-06-2016 00:00,0
28,7,NL,P,30-11-1999 00:00,06-03-2017 00:00,0
28,7,US,NH,30-08-2004 00:00,18-08-2016 00:00,0
28,7,NL,P,30-11-1999 00:00,06-03-2017 00:00,0
28,6,US,Pennsylvania,11-11-1996 00:00,27-04-2015 00:00,0
28,7,CA,ON,02-10-1995 04:00,30-09-2016 09:12,0
28,6,IN,UTTAR PRADESH,28-06-2011 00:00,02-03-2017 00:00,0
28,7,None,None,16-08-2016 00:00,26-03-2017 00:00,0
28,7,US,NC,09-05-2000 17:31,11-10-2016 00:20,0
28,7,US,CA,31-07-2000 00:00,29-06-2016 00:00,0
28,6,US,FL,14-05-1999 00:00,02-04-2014 00:00,0
28,8,US,Arizona,24-04-2009 00:00,18-03-2017 00:00,0
28,7,None,None,None,None,0
28,6,US,NY,06-08-1998 00:00,07-11-2014 00:00,0
28,6,US,CA,22-02-1996 00:00,16-01-2015 00:00,0
28,6,US,California,15-06-2007 00:00,12-05-2015 00:00,0
29,7,US,MD,21-09-2009 00:00,09-08-2016 00:00,1
29,7,UG,kireka,09-04-2002 00:00,18-04-2017 00:00,1
29,6,US,CA,22-04-1997 00:00,22-02-2017 00:00,0
29,6,US,CA,21-01-2000 00:00,08-11-2016 00:00,0
29,8,US,CA,20-01-1995 00:00,22-11-2016 00:00,0
29,6,US,IL,28-03-2006 00:00,24-02-2017 00:00,0
29,7,US,NY,23-03-1995 00:00,03-03-2017 00:00,0
29,6,US,Missouri,28-09-2007 16:06,28-03-2017 18:24,0
29,6,JP,Osaka,04-02-2017 00:00,04-02-2017 00:00,0
29,7,CA,QC,07-03-1996 00:00,09-03-2017 00:00,0
29,6,None,None,04-04-2003 00:00,05-04-2017 00:00,0
29,6,US,Michigan,26-08-2015 00:00,26-08-2016 00:00,0
29,7,CA,AB,22-07-2004 00:00,23-06-2016 00:00,0
29,6,US,CA,30-11-2004 00:00,07-03-2017 00:00,0
29,6,US,Maryland,05-03-2008 00:00,14-04-2016 00:00,0
29,6,CA,Ontario,08-05-2003 00:00,09-05-2016 00:00,0
29,6,US,South Carolina,02-11-2010 21:52,20-10-2015 23:34,0
29,8,US,Texas,23-05-2006 00:00,13-07-2016 00:00,0
29,6,None,None,02-07-1998 00:00,05-07-2016 00:00,0
29,6,US,California,02-12-1998 00:00,02-12-2016 00:00,0
29,7,US,CA,22-04-1997 00:00,22-02-2017 00:00,0
29,8,US,CA,31-07-2000 00:00,29-06-2016 00:00,0
29,8,CN,Zhejiang,15-04-1999 00:00,20-06-2012 00:00,0
29,6,US,Arizona,30-05-2003 00:00,10-07-2015 00:00,0
29,6,US,New Mexico,10-01-2002 00:57,26-02-2014 23:35,0
29,6,US,New York,17-03-2006 00:00,14-08-2013 00:00,0
29,6,None,None,01-03-1999 00:00,07-03-2013 00:00,0
29,8,AU,QLD,01-07-2015 00:00,04-03-2016 00:00,0
29,6,CA,ON,22-01-2006 00:00,22-01-2017 00:00,0
29,6,US,CA,22-02-1996 00:00,16-01-2015 00:00,0
30,8,None,None,None,None,1
30,6,SE,None,06-03-1996 05:00,28-10-2013 10:54,0
30,6,US,MA,08-02-2013 00:00,15-03-2017 00:00,0
30,7,US,NY,23-03-1995 00:00,03-03-2017 00:00,0
30,6,US,CA,29-03-1997 00:00,29-11-2016 00:00,0
30,6,US,CA,22-04-1997 00:00,22-02-2017 00:00,0
30,6,None,None,15-04-2003 00:00,19-02-2016 00:00,0
30,6,US,WI,24-10-1996 00:00,19-10-2016 00:00,0
30,6,US,Texas,04-08-1998 00:00,04-09-2013 00:00,0
30,6,US,FL,30-04-2016 00:00,04-10-2016 00:00,0
30,6,US,NJ,30-12-1999 00:00,08-01-2016 00:00,0
30,7,US,CA,22-04-1997 00:00,22-02-2017 00:00,0
30,6,US,CA,22-02-1996 00:00,16-01-2015 00:00,0
30,6,US,CA,29-03-1997 00:00,29-11-2016 00:00,0
30,7,US,Arizona,13-07-2001 00:00,26-04-2015 00:00,0
30,7,US,GA,29-05-1996 00:00,21-03-2017 00:00,0
30,8,US,CA,25-02-2004 00:00,16-01-2016 00:00,0
30,6,US,CA,22-02-1996 00:00,16-01-2015 00:00,0
30,7,US,CA,22-04-1997 00:00,22-02-2017 00:00,0
31,7,US,CA,09-04-2002 00:00,20-03-2017 00:00,1
31,8,US,CA,18-01-1995 00:00,26-08-2015 00:00,0
31,7,None,None,25-10-2014 00:00,26-10-2016 00:00,0
31,7,US,CA,22-04-1997 00:00,22-02-2017 00:00,0
31,8,US,MO,20-05-1996 00:00,24-10-2016 00:00,0
31,6,US,CA,29-03-1997 00:00,29-11-2016 00:00,0
31,6,None,None,14-07-2000 00:00,22-03-2017 00:00,0
31,7,CA,ON,01-12-1996 05:00,30-11-2016 10:30,0
31,8,IN,HR,11-11-2000 00:00,03-05-2012 00:00,0
31,7,US,NY,23-03-1995 00:00,03-03-2017 00:00,0
31,7,US,FL,04-09-2004 00:00,24-08-2016 00:00,0
31,6,US,Missouri,09-09-2005 13:44,10-09-2016 13:29,0
31,6,None,None,None,None,0
31,6,None,None,22-04-1997 00:00,22-02-2017 00:00,0
31,8,US,FL,07-08-1996 00:00,14-05-2015 00:00,0
31,6,US,MD,30-12-2005 00:00,05-11-2015 00:00,0
31,7,US,CA,29-03-1997 00:00,29-11-2016 00:00,0
31,7,US,CA,04-04-2006 00:00,03-03-2017 00:00,0
31,6,US,CA,22-04-1997 00:00,22-02-2017 00:00,0
31,7,US,Texas,25-05-2000 00:00,24-05-2016 00:00,0
32,11,None,None,None,None,1
32,9,None,None,None,None,1
32,8,US,WA,05-01-1996 00:00,05-05-2016 00:00,0
32,6,US,Missouri,09-07-2008 00:00,14-07-2008 00:00,0
32,8,US,WA,05-01-1996 00:00,05-05-2016 00:00,0
32,9,None,None,10-05-2006 20:00,None,0
32,8,US,CA,29-07-2006 00:00,07-08-2015 00:00,0
32,6,CA,ab,27-09-2010 00:00,28-09-2016 00:00,0
32,7,US,NY,31-10-2008 00:00,01-12-2016 00:00,0
32,7,US,CA,03-03-2000 00:00,12-01-2017 00:00,0
32,7,US,CA,29-03-1997 00:00,29-11-2016 00:00,0
32,8,None,None,02-04-2008 00:00,23-01-2017 00:00,0
32,6,None,None,22-02-1996 00:00,16-01-2015 00:00,0
32,8,UK,Greater London,06-09-2016 00:00,12-03-2017 00:00,0
32,7,US,Illinois,11-02-1997 00:00,10-09-2012 00:00,0
32,8,None,None,06-08-1995 00:00,24-07-2012 00:00,0
32,6,US,Kansas,23-10-2008 00:00,03-03-2017 00:00,0
32,7,US,MO,30-08-1998 00:00,22-12-2016 00:00,0
32,7,US,CA,04-04-2006 00:00,03-03-2017 00:00,0
32,8,US,WA,05-01-1996 00:00,05-05-2016 00:00,0
32,8,US,WA,05-01-1996 00:00,05-05-2016 00:00,0
32,7,None,None,14-12-2006 00:00,13-12-2016 00:00,0
32,7,US,CA,31-07-2000 00:00,29-06-2016 00:00,0
32,8,US,California,22-03-2005 03:36,22-03-2017 03:37,0
32,7,US,Arizona,26-06-2009 00:00,29-03-2017 00:00,0
33,11,None,None,None,None,1
33,9,None,None,None,None,1
33,9,None,None,None,None,1
33,9,None,None,None,None,1
33,9,None,None,09-02-2000 14:17,None,1
33,11,None,None,08-06-2007 00:00,18-09-2012 00:00,1
33,7,US,NY,01-11-1994 00:00,27-10-2015 00:00,0
33,8,US,WA,05-01-1996 00:00,05-05-2016 00:00,0
33,8,US,WA,05-01-1996 00:00,05-05-2016 00:00,0
33,6,US,CA,22-02-1996 00:00,16-01-2015 00:00,0
33,6,JP,Fukuoka,08-08-2013 00:00,26-07-2016 00:00,0
33,6,CA,BC,20-04-2000 00:00,25-04-2017 00:00,0
33,8,US,California,21-02-1995 00:00,19-02-2017 00:00,0
33,9,US,CA,29-05-1996 00:00,26-04-2016 00:00,0
33,7,JP,Osaka,12-11-2016 00:00,16-11-2016 00:00,0
33,8,US,WA,05-01-1996 00:00,05-05-2016 00:00,0
33,7,None,None,08-02-2000 00:00,31-10-2016 00:00,0
33,6,US,Texas,25-09-2003 00:00,18-07-2014 00:00,0
33,8,US,CA,13-01-2001 00:12,12-12-2015 10:16,0
33,7,US,CA,31-07-2000 00:00,29-06-2016 00:00,0
33,6,US,Arizona,10-05-2002 00:00,27-07-2016 00:00,0
33,6,US,FL,07-06-2005 00:00,23-05-2016 00:00,0
33,8,US,WA,05-01-1996 00:00,05-05-2016 00:00,0
33,6,US,AL,19-08-2012 00:00,24-06-2016 00:00,0
33,8,IL,None,28-04-2003 00:00,29-04-2017 00:00,0
33,7,US,NY,12-03-1999 00:00,16-11-2016 00:00,0
33,6,US,CA,22-04-1997 00:00,22-02-2017 00:00,0
34,11,None,None,None,None,1
34,11,None,None,None,None,1
34,9,ru,Krasnoyarsk,30-03-2011 00:00,28-04-2017 00:00,1
34,9,None,None,None,None,1
34,6,US,MAINE,14-01-2008 00:00,14-01-2017 00:00,0
34,7,GB,None,26-03-2000 00:00,26-10-2016 00:00,0
34,7,US,CA,02-11-2002 00:00,02-02-2017 00:00,0
34,7,US,CA,02-11-2002 00:00,02-02-2017 00:00,0
34,8,US,California,21-02-1995 00:00,19-02-2017 00:00,0
34,6,US,CA,22-02-1996 00:00,16-01-2015 00:00,0
34,7,CA,ALBERTA,10-04-2010 00:00,10-04-2017 00:00,0
34,7,US,CA,03-03-2000 00:00,12-01-2017 00:00,0
34,7,US,Virginia,06-05-2010 16:44,20-09-2013 15:03,0
34,7,CA,ON,17-08-1999 12:43,21-04-2017 16:47,0
34,6,None,None,22-02-1996 00:00,16-01-2015 00:00,0
34,7,IN,MH,04-10-2006 00:00,04-10-2016 00:00,0
34,9,GB,None,09-03-2007 00:00,03-03-2015 00:00,0
34,9,None,None,31-05-1996 00:00,15-04-2016 00:00,0
34,9,US,WA,05-01-1996 00:00,05-05-2016 00:00,0
34,8,None,None,29-07-2004 00:00,03-01-2016 00:00,0
34,7,US,CA,31-07-2000 00:00,29-06-2016 00:00,0
34,6,US,CA,22-02-1996 00:00,16-01-2015 00:00,0
34,9,US,California,17-01-2005 00:00,18-01-2017 00:00,0
34,6,US,CA,22-04-1997 00:00,22-02-2017 00:00,0
34,8,US,CA,01-06-2005 00:00,09-09-2016 00:00,0
34,7,US,New York,22-12-1999 00:00,24-05-2012 00:00,0
34,7,US,Texas,11-08-2002 00:00,04-07-2016 00:00,0
34,7,US,CA,22-04-1997 00:00,22-02-2017 00:00,0
34,6,US,Arizona,17-11-2003 00:00,11-11-2016 00:00,0
35,9,None,None,21-09-2009 00:00,09-08-2016 00:00,1
35,9,None,None,21-09-2009 00:00,09-08-2016 00:00,1
35,11,CA,ON,14-08-2008 00:00,09-08-2016 00:00,1
35,11,None,None,None,None,1
35,11,None,None,None,None,1
35,9,None,None,None,None,1
35,11,None,None,None,None,1
35,11,None,None,None,None,1
35,11,None,None,None,None,1
35,11,None,None,None,None,1
35,8,ru,Krasnoyarsk,22-08-2010 00:00,28-04-2017 00:00,1
35,9,KY,GRAND CAYMAN,08-07-1996 00:00,07-03-2017 00:00,0
35,8,US,CA,13-01-2001 00:12,12-12-2015 10:16,0
35,8,US,California,21-02-1995 00:00,19-02-2017 00:00,0
35,6,None,None,21-03-2014 00:00,22-03-2017 00:00,0
35,8,US,WA,05-01-1996 00:00,05-05-2016 00:00,0
35,9,US,CA,22-10-1998 00:00,16-03-2017 00:00,0
35,7,US,NY,23-03-1995 00:00,03-03-2017 00:00,0
35,9,US,Arizona,08-07-2010 00:00,24-04-2017 00:00,0
35,10,US,CA,18-01-1995 00:00,26-08-2015 00:00,0
35,7,CA,ON,17-07-2009 00:00,07-07-2016 00:00,0
35,9,None,None,None,None,0
35,8,US,WA,05-01-1996 00:00,05-05-2016 00:00,0
35,7,GB,None,24-05-2001 20:47,27-01-2017 00:20,0
35,6,US,PA,27-06-2004 00:00,19-11-2012 00:00,0
35,7,US,CA,31-07-2000 00:00,29-06-2016 00:00,0
35,8,US,WA,05-01-1996 00:00,05-05-2016 00:00,0
35,9,None,None,04-03-2004 00:00,05-10-2015 00:00,0
35,9,US,CA,29-03-1997 00:00,29-11-2016 00:00,0
35,7,US,CA,31-07-2000 00:00,29-06-2016 00:00,0
35,8,AT,Austria,01-06-2004 00:00,02-06-2016 00:00,0
35,7,US,NY,13-12-1995 00:00,10-11-2016 00:00,0
35,8,US,WA,05-01-1996 00:00,05-05-2016 00:00,0
35,7,None,None,10-11-2000 00:00,19-02-2016 00:00,0
35,6,US,CA,22-02-1996 00:00,16-01-2015 00:00,0
35,8,AT,Austria,01-06-2004 00:00,02-06-2016 00:00,0
36,10,None,None,None,None,1
36,11,None,None,None,None,1
36,11,None,None,None,None,1
36,9,None,None,None,None,1
36,11,None,None,None,None,1
36,11,None,None,None,None,1
36,8,ru,Krasnoyarsk,22-08-2010 00:00,28-04-2017 00:00,1
36,8,US,CA,01-06-2005 00:00,09-09-2016 00:00,0
36,8,None,None,30-10-2003 00:00,10-09-2016 00:00,0
36,7,US,Kansas,09-05-1998 00:00,10-05-2016 00:00,0
36,6,US,CA,05-10-2006 00:00,04-03-2017 00:00,0
36,7,US,DE,14-10-2005 00:00,21-04-2017 00:00,0
36,7,US,CA,29-03-1997 00:00,29-11-2016 00:00,0
36,8,CN,shandong,08-09-2003 00:00,24-10-2016 00:00,0
36,8,JP,Osaka,13-07-2008 00:00,09-12-2015 00:00,0
36,7,US,CA,03-03-2000 00:00,12-01-2017 00:00,0
36,8,None,None,22-08-1996 00:00,18-08-2016 00:00,0
36,8,US,CA,13-01-2001 00:12,12-12-2015 10:16,0
36,8,US,PA,01-05-2002 00:00,01-09-2012 00:00,0
36,8,None,None,10-06-2005 00:00,04-06-2015 00:00,0
36,7,US,CA,04-04-2006 00:00,03-03-2017 00:00,0
36,8,US,CA,13-01-2001 00:12,12-12-2015 10:16,0
36,7,None,None,07-09-2000 00:00,08-12-2016 00:00,0
36,8,None,None,31-12-2015 00:00,25-12-2016 00:00,0
36,6,None,None,08-12-2007 00:00,28-03-2017 00:00,0
36,7,US,CA,06-04-2008 00:00,18-12-2014 00:00,0
36,7,US,TX,16-07-1998 00:00,16-05-2016 00:00,0
36,7,None,None,09-02-2001 00:00,28-12-2016 00:00,0
36,7,US,AZ,28-12-1999 00:00,28-12-2014 00:00,0
36,8,None,None,21-01-2008 00:00,17-04-2016 00:00,0
36,8,UK,UK,27-02-1996 00:00,27-01-2016 00:00,0
36,7,US,CA,31-07-2000 00:00,29-06-2016 00:00,0
37,10,CZ,PRAHA,07-10-2006 00:00,07-03-2017 00:00,1
37,9,US,LA,18-12-2004 00:00,01-12-2016 00:00,1
37,9,CN,beijingshi,09-02-2009 00:00,27-04-2017 00:00,1
37,11,None,None,04-11-1998 00:00,15-11-2016 00:00,1
37,10,CN,liaoningsheng,04-11-2016 00:00,08-11-2016 00:00,1
37,9,None,None,None,None,1
37,7,CA,British Columbia,15-04-2004 00:00,22-02-2016 00:00,0
37,7,US,California,02-07-2010 00:00,25-04-2017 00:00,0
37,7,US,Missouri,12-11-2007 20:49,28-03-2017 18:16,0
37,9,AT,Austria,01-06-2004 00:00,02-06-2016 00:00,0
37,10,US,California,22-02-2006 00:00,22-01-2017 00:00,0
37,8,US,North Carolina,05-06-2000 00:00,06-07-2015 00:00,0
37,9,US,CA,09-12-1996 00:00,09-10-2015 00:00,0
37,8,US,California,14-10-1999 00:00,20-11-2013 00:00,0
37,9,US,California,10-05-2006 23:10,11-05-2016 14:19,0
37,7,US,MA,22-02-2001 00:00,24-01-2017 00:00,0
37,8,US,CA,29-03-1997 00:00,29-11-2016 00:00,0
37,8,US,CA,11-09-1997 04:00,09-12-2015 14:43,0
37,8,None,None,16-10-2000 00:00,25-10-2016 00:00,0
37,7,US,NY,08-06-2006 00:00,21-04-2017 00:00,0
37,9,None,None,None,None,0
37,7,US,CA,22-02-1996 00:00,16-01-2015 00:00,0
37,8,US,Arizona,18-04-2001 00:00,19-04-2017 00:00,0
37,8,US,OH,05-08-1993 00:00,01-07-2016 00:00,0
37,9,PH,Manila,17-02-2011 00:00,18-02-2017 00:00,0
37,9,US,CA,24-10-1999 00:00,29-07-2016 00:00,0
37,8,US,NY,02-11-1996 00:00,26-11-2014 00:00,0
37,9,US,CA,18-01-1995 00:00,26-08-2015 00:00,0
37,8,US,Arizona,14-02-2000 00:00,14-02-2016 00:00,0
37,8,US,CA,02-11-2002 00:00,02-02-2017 00:00,0
37,7,US,CA,31-07-2000 00:00,29-06-2016 00:00,0
38,10,CA,ON,14-09-2009 08:39,06-09-2016 08:26,1
38,11,None,None,None,None,1
38,9,US,Utah,24-05-2000 00:00,25-05-2016 00:00,1
38,9,US,Utah,24-05-2000 00:00,25-05-2016 00:00,1
38,10,None,None,18-07-2005 00:00,18-06-2016 00:00,1
38,9,US,MA,28-10-1999 00:00,29-08-2016 00:00,0
38,8,US,CA,02-11-2002 00:00,02-02-2017 00:00,0
38,8,None,None,25-02-2006 00:00,26-02-2016 00:00,0
38,8,US,New York,12-06-2007 00:00,05-10-2016 00:00,0
38,9,US,MO,20-05-1996 00:00,24-10-2016 00:00,0
38,10,UK,None,18-04-1995 00:00,14-11-2016 00:00,0
38,9,US,CA,25-04-2000 00:00,04-08-2015 00:00,0
38,8,US,CA,05-12-1997 00:00,31-03-2017 00:00,0
38,9,US,CA,09-12-1996 00:00,09-10-2015 00:00,0
38,8,US,CA,24-09-1996 00:00,30-01-2017 00:00,0
38,7,US,NJ,10-01-1992 00:00,05-01-2016 00:00,0
38,9,US,CA,31-07-2000 00:00,29-06-2016 00:00,0
38,8,US,CA,02-11-2002 00:00,02-02-2017 00:00,0
38,7,None,None,17-07-2001 00:00,28-05-2014 00:00,0
38,8,US,MI,14-07-2011 00:00,30-06-2016 00:00,0
38,7,US,NY,21-09-2001 00:00,02-03-2017 00:00,0
38,6,None,None,05-06-2003 00:00,26-11-2014 00:00,0
38,8,US,NJ,05-12-1996 00:00,30-11-2016 00:00,0
38,7,AU,NSW,19-02-2002 01:02,29-11-2016 00:00,0
38,9,US,CA,18-01-1995 00:00,26-08-2015 00:00,0
38,8,None,None,28-11-1999 00:00,09-09-2013 00:00,0
38,8,US,UT,26-05-1997 00:00,23-04-2017 00:00,0
38,7,AU,NSW,05-07-2008 00:00,30-08-2016 00:00,0
38,6,BE,None,07-04-2007 00:00,08-04-2017 00:00,0
38,6,US,FL,09-04-2011 16:13,28-02-2017 10:46,0
38,8,US,CA,11-09-1997 04:00,09-12-2015 14:43,0
38,10,NO,None,29-01-2004 16:01,29-12-2016 14:11,0
38,8,US,FL,17-02-1999 05:00,19-12-2016 08:39,0
38,9,US,FL,27-02-2000 15:05,31-05-2016 17:46,0
38,7,US,California,02-07-2010 00:00,25-04-2017 00:00,0
38,7,US,CA,31-07-2000 00:00,29-06-2016 00:00,0
38,9,None,None,None,None,0
38,8,US,CA,21-07-1995 00:00,26-09-2016 00:00,0
38,7,US,CA,31-07-2000 00:00,29-06-2016 00:00,0
38,9,US,CA,08-08-2002 00:00,29-07-2015 00:00,0
38,7,US,CA,31-07-2000 00:00,29-06-2016 00:00,0
38,9,US,Arizona,10-06-2005 00:00,04-06-2015 00:00,0
39,13,None,None,None,None,1
39,11,None,None,None,None,1
39,11,None,None,None,None,1
39,11,None,None,None,None,1
39,9,US,Utah,24-05-2000 00:00,25-05-2016 00:00,1
39,10,None,None,18-07-2005 00:00,18-06-2016 00:00,1
39,8,US,CA,15-02-2005 00:00,14-01-2017 00:00,0
39,7,AU,New South Wales,08-01-2009 10:56,09-01-2017 10:11,0
39,8,US,CA,15-02-2005 00:00,14-01-2017 00:00,0
39,9,US,CA,15-02-2005 00:00,14-01-2017 00:00,0
39,9,US,CA,15-02-2005 00:00,14-01-2017 00:00,0
39,9,None,None,01-07-2007 05:40,08-12-2016 14:01,0
39,9,US,CA,15-02-2005 00:00,14-01-2017 00:00,0
39,9,US,CA,15-02-2005 00:00,14-01-2017 00:00,0
39,8,US,WV,21-10-2006 00:00,22-10-2016 00:00,0
39,9,US,Arizona,30-08-2000 00:00,18-04-2015 00:00,0
39,8,US,FL,14-09-1995 00:00,12-05-2016 00:00,0
39,8,US,WA,05-01-1996 00:00,05-05-2016 00:00,0
39,7,US,CA,31-07-2000 00:00,29-06-2016 00:00,0
39,8,TR,None,14-09-2000 08:47,15-09-2016 21:37,0
39,8,US,CA,15-02-2005 00:00,14-01-2017 00:00,0
39,6,US,CA,22-02-1996 00:00,16-01-2015 00:00,0
39,8,US,CA,15-02-2005 00:00,14-01-2017 00:00,0
39,7,US,CO,17-02-2006 00:00,19-08-2015 00:00,0
39,8,US,Oregon,30-08-2000 00:00,16-08-2016 00:00,0
39,8,US,CA,31-07-2000 00:00,29-06-2016 00:00,0
39,8,US,CA,15-02-2005 00:00,14-01-2017 00:00,0
39,7,US,NY,10-07-2002 00:00,18-10-2013 00:00,0
39,8,US,CA,15-02-2005 00:00,14-01-2017 00:00,0
39,8,US,CA,15-02-2005 00:00,14-01-2017 00:00,0
39,10,US,CA,15-02-2005 00:00,14-01-2017 00:00,0
39,8,FR,None,04-09-1996 04:00,26-04-2016 09:14,0
39,8,US,CA,15-02-2005 00:00,14-01-2017 00:00,0
39,8,US,CA,15-02-2005 00:00,14-01-2017 00:00,0
39,8,US,CA,15-02-2005 00:00,14-01-2017 00:00,0
39,8,US,CA,15-02-2005 00:00,14-01-2017 00:00,0
39,8,US,CA,15-02-2005 00:00,14-01-2017 00:00,0
39,8,US,CA,15-02-2005 00:00,14-01-2017 00:00,0
39,8,US,CA,15-02-2005 00:00,14-01-2017 00:00,0
39,8,None,None,None,None,0
39,8,US,CA,15-02-2005 00:00,14-01-2017 00:00,0
39,8,US,CA,15-02-2005 00:00,14-01-2017 00:00,0
39,9,US,CA,18-01-1995 00:00,26-08-2015 00:00,0
39,8,US,CA,15-02-2005 00:00,14-01-2017 00:00,0
39,9,None,None,15-05-2005 00:00,15-04-2017 00:00,0
39,9,US,Ohio,08-01-2004 00:00,03-01-2017 00:00,0
39,9,None,None,None,None,0
39,10,None,None,None,None,0
39,10,US,Arizona,10-11-2009 00:00,21-04-2015 00:00,0
39,7,CA,ON,26-11-1996 00:00,02-11-2016 00:00,0
39,9,US,CA,15-02-2005 00:00,14-01-2017 00:00,0
39,9,US,CA,15-02-2005 00:00,14-01-2017 00:00,0
39,8,AT,Austria,01-06-2004 00:00,02-06-2016 00:00,0
39,8,US,CA,15-02-2005 00:00,14-01-2017 00:00,0
39,7,None,None,02-08-2010 00:00,04-05-2016 00:00,0
39,9,US,CA,15-02-2005 00:00,14-01-2017 00:00,0
39,7,KY,GRAND CAYMAN,24-08-2003 00:00,27-02-2017 00:00,0
39,9,US,Ohio,08-01-2004 00:00,03-01-2017 00:00,0
39,8,US,CA,15-02-2005 00:00,14-01-2017 00:00,0
39,9,US,CA,02-11-2002 00:00,02-02-2017 00:00,0
39,6,LV,RIX,19-07-2010 00:00,20-07-2016 00:00,0
39,8,TR,TR,28-10-2008 00:00,03-04-2016 00:00,0
39,8,US,nj,24-06-2003 00:00,22-08-2016 00:00,0
39,9,US,Arizona,10-06-2005 00:00,04-06-2015 00:00,0
39,8,US,CA,15-02-2005 00:00,14-01-2017 00:00,0
39,9,US,CA,15-02-2005 00:00,14-01-2017 00:00,0
39,10,US,Arizona,28-02-2008 00:00,24-04-2017 00:00,0
39,9,US,CA,15-02-2005 00:00,14-01-2017 00:00,0
39,10,US,CA,15-02-2005 00:00,14-01-2017 00:00,0
39,9,US,GA,22-09-1993 00:00,15-02-2017 00:00,0
39,8,US,CA,15-02-2005 00:00,14-01-2017 00:00,0
39,9,US,CA,15-02-2005 00:00,14-01-2017 00:00,0
39,8,US,CA,15-02-2005 00:00,14-01-2017 00:00,0
39,8,US,CA,15-02-2005 00:00,14-01-2017 00:00,0
39,8,US,MA,29-09-1994 00:00,29-11-2016 00:00,0
39,8,US,CA,15-02-2005 00:00,14-01-2017 00:00,0
39,8,US,CA,15-02-2005 00:00,14-01-2017 00:00,0
39,8,US,CA,15-02-2005 00:00,14-01-2017 00:00,0
39,9,PA,Panama,07-11-2016 00:00,07-11-2016 00:00,0
39,8,PA,Panama,30-07-2009 04:01,19-04-2017 10:41,0
39,7,DE,None,10-01-2007 15:27,09-01-2017 16:53,0
39,8,US,CA,15-02-2005 00:00,14-01-2017 00:00,0
39,8,None,None,None,None,0
39,9,CA,SK,19-10-2005 00:00,18-10-2016 00:00,0
39,8,US,CA,15-02-2005 00:00,14-01-2017 00:00,0
39,8,US,CA,15-02-2005 00:00,14-01-2017 00:00,0
40,13,None,None,None,None,1
40,13,None,None,None,None,1
40,13,None,None,None,None,1
40,11,None,None,None,None,1
40,11,None,None,None,None,1
40,10,None,None,None,None,1
40,9,US,Utah,24-05-2000 00:00,25-05-2016 00:00,1
40,9,US,ca,14-05-1999 00:00,28-06-2016 00:00,0
40,9,US,CA,13-01-2001 00:12,12-12-2015 10:16,0
40,7,US,CA,31-07-2000 00:00,29-06-2016 00:00,0
40,10,US,Arizona,13-09-2001 23:03,13-02-2013 01:33,0
40,7,US,CA,22-02-2001 00:00,07-02-2017 00:00,0
40,7,US,CA,31-07-2000 00:00,29-06-2016 00:00,0
40,9,US,CA,02-10-2005 00:00,03-10-2016 00:00,0
40,7,CA,ON,27-08-2002 00:00,01-06-2016 00:00,0
40,9,US,CO,28-09-1996 00:00,26-09-2016 00:00,0
40,8,ES,Alicante,05-06-2006 00:00,24-03-2017 00:00,0
40,9,AU,Queensland,22-03-2006 00:00,22-03-2017 00:00,0
40,12,US,CA,20-10-1998 00:00,04-12-2013 00:00,0
40,11,US,NY,23-03-1995 00:00,03-03-2017 00:00,0
40,10,US,CA,13-01-2001 00:12,12-12-2015 10:16,0
40,7,US,CA,31-07-2000 00:00,29-06-2016 00:00,0
40,9,US,CA,13-01-2001 00:12,12-12-2015 10:16,0
40,9,US,New Jersey,23-04-2002 18:56,20-08-2015 15:58,0
40,8,US,New York,26-09-2005 00:00,23-07-2011 00:00,0
40,9,US,California,04-01-1995 00:00,04-01-2017 00:00,0
40,6,None,None,22-02-1996 00:00,16-01-2015 00:00,0
40,7,AU,Vic,30-07-2004 00:00,30-03-2014 00:00,0
40,8,US,ME,05-11-2008 00:00,07-10-2016 00:00,0
40,9,None,None,01-07-2007 05:40,08-12-2016 14:01,0
40,9,US,CA,18-01-1995 00:00,26-08-2015 00:00,0
40,9,US,MO,29-12-2005 00:00,30-09-2015 00:00,0
40,6,US,PA,05-06-2003 00:00,26-11-2014 00:00,0
40,7,CA,ON,27-08-2002 00:00,01-06-2016 00:00,0
40,6,None,None,17-02-2009 00:00,16-02-2015 00:00,0
40,9,US,CA,02-12-2005 00:00,02-12-2016 00:00,0
40,9,US,OH,08-11-1998 00:00,16-03-2015 00:00,0
40,8,None,None,12-02-2002 00:00,16-10-2014 00:00,0
40,9,US,MO,20-05-1996 00:00,24-10-2016 00:00,0
40,7,US,CA,02-11-2002 00:00,02-02-2017 00:00,0
40,8,US,WA,08-04-1996 00:00,18-11-2016 00:00,0
40,8,US,NY,08-05-1996 00:00,27-01-2017 00:00,0
40,6,US,TX,02-03-1999 00:00,01-02-2017 00:00,0
40,7,US,CA,31-07-2000 00:00,29-06-2016 00:00,0
40,9,US,NJ,17-12-2007 00:00,15-12-2015 00:00,0
40,9,US,FL,03-06-2000 00:00,05-05-2016 00:00,0
40,7,US,CA,31-07-2000 00:00,29-06-2016 00:00,0
40,9,US,CA,18-01-1995 00:00,26-08-2015 00:00,0
41,13,None,None,None,None,1
41,11,None,None,None,None,1
41,10,US,Utah,24-05-2000 00:00,25-05-2016 00:00,1
41,11,BR,None,None,None,1
41,10,None,None,18-07-2005 00:00,18-06-2016 00:00,1
41,6,None,None,21-11-2016 00:00,13-01-2017 00:00,0
41,8,US,Oregon,30-08-2000 00:00,16-08-2016 00:00,0
41,8,US,MO,20-05-1996 00:00,24-10-2016 00:00,0
41,9,US,Pennsylvania,08-09-2007 00:00,09-09-2016 00:00,0
41,8,GB,worcs,25-10-2006 00:00,18-10-2016 00:00,0
41,10,US,NY,18-10-1994 00:00,06-10-2016 00:00,0
41,9,US,CA,13-01-2001 00:12,12-12-2015 10:16,0
41,9,US,CA,13-01-2001 00:12,12-12-2015 10:16,0
41,9,US,Maine,23-10-1996 00:00,28-02-2017 00:00,0
41,9,US,Arizona,04-11-2003 00:00,04-11-2016 00:00,0
41,7,US,FL,30-07-2002 00:00,26-06-2014 00:00,0
41,8,PA,PANAMA,09-12-2008 00:00,30-11-2016 00:00,0
41,9,US,CA,13-01-2001 00:12,12-12-2015 10:16,0
41,7,US,PA,09-03-2010 00:00,18-01-2013 00:00,0
41,8,US,Kansas,04-07-2001 23:21,19-04-2017 17:24,0
41,8,JP,None,08-03-2016 00:00,27-02-2017 00:00,0
41,8,US,VA,23-02-2010 00:00,23-01-2017 00:00,0
41,10,US,Arizona,06-07-2016 14:30,05-09-2016 03:47,0
41,8,US,WA,05-01-1996 00:00,05-05-2016 00:00,0
41,8,None,None,16-01-2016 00:00,13-03-2017 00:00,0
41,10,US,NY,18-10-1994 00:00,06-10-2016 00:00,0
41,9,AU,Queensland,22-03-2006 00:00,22-03-2017 00:00,0
41,10,GB,London,13-06-1997 00:00,05-11-2015 00:00,0
41,9,AU,Queensland,22-03-2006 00:00,22-03-2017 00:00,0
41,9,FR,None,22-07-2005 18:52,21-07-2016 18:54,0
42,13,None,None,None,None,1
42,11,None,None,None,None,1
42,11,None,None,None,None,1
42,10,None,None,07-04-2002 20:00,None,1
42,10,US,Utah,24-05-2000 00:00,25-05-2016 00:00,1
42,10,US,Utah,24-05-2000 00:00,25-05-2016 00:00,1
42,10,US,Utah,24-05-2000 00:00,25-05-2016 00:00,1
42,10,US,Utah,24-05-2000 00:00,25-05-2016 00:00,1
42,8,US,Arizona,05-03-2013 20:51,05-05-2013 03:46,1
42,7,US,FL,24-05-2004 00:00,16-03-2017 00:00,0
42,8,IN,Karnataka,30-01-2006 00:00,14-04-2014 00:00,0
42,7,CA,BC,19-12-1997 00:00,05-11-2012 00:00,0
42,10,US,Arizona,30-11-2006 00:00,17-04-2015 00:00,0
42,8,CA,ON,14-04-1999 00:00,08-08-2015 00:00,0
42,8,CA,Quebec,27-05-2008 00:00,27-05-2015 00:00,0
42,10,US,Arizona,10-11-2009 00:00,21-04-2015 00:00,0
42,9,US,CA,13-01-2001 00:12,12-12-2015 10:16,0
42,8,US,CA,09-12-1996 00:00,09-10-2015 00:00,0
42,11,US,Arizona,08-05-2004 20:53,04-04-2014 15:11,0
42,10,US,CA,02-11-2002 00:00,02-02-2017 00:00,0
42,9,US,Ohio,08-01-2004 00:00,03-01-2017 00:00,0
42,9,None,None,16-08-1999 00:00,17-08-2013 00:00,0
42,9,US,CA,04-08-1995 00:00,26-01-2017 00:00,0
42,7,US,Indiana,18-07-2002 00:00,10-07-2013 00:00,0
42,9,None,None,23-11-1994 00:00,19-08-2015 00:00,0
42,8,AU,NEW SOUTH WALES,30-08-2015 00:00,08-03-2017 00:00,0
42,9,None,None,11-10-2000 00:00,02-07-2014 00:00,0
42,8,UK,UK,27-02-1996 00:00,27-01-2016 00:00,0
42,8,None,None,30-04-2009 00:00,05-01-2017 00:00,0
42,8,US,CA,22-02-1996 00:00,16-01-2015 00:00,0
42,9,AU,Queensland,22-03-2006 00:00,22-03-2017 00:00,0
42,7,US,IL,27-11-2006 00:00,02-03-2017 00:00,0
42,7,US,CA,31-07-2000 00:00,29-06-2016 00:00,0
42,9,US,CA,22-10-1998 00:00,16-03-2017 00:00,0
42,8,AU,NSW,19-08-2004 00:00,05-07-2016 00:00,0
42,8,US,nj,24-06-2003 00:00,22-08-2016 00:00,0
42,8,US,California,18-03-2016 00:00,14-03-2017 00:00,0
42,8,US,CA,22-02-1996 00:00,16-01-2015 00:00,0
42,9,AU,Queensland,22-03-2006 00:00,22-03-2017 00:00,0
42,7,US,PA,06-12-2010 00:00,07-12-2016 00:00,0
42,7,US,FL,24-05-2004 00:00,16-03-2017 00:00,0
43,13,None,None,None,None,1
43,11,None,None,None,None,1
43,10,US,Utah,24-05-2000 00:00,25-05-2016 00:00,1
43,11,None,None,03-03-2000 00:00,08-12-2015 00:00,1
43,10,us,Washington,23-06-2003 00:00,02-01-2017 00:00,1
43,10,US,CA,03-08-2004 00:00,04-08-2016 00:00,1
43,10,None,None,None,None,1
43,8,US,WA,14-05-2002 00:00,03-03-2017 00:00,0
43,9,US,FL,03-06-2000 00:00,05-05-2016 00:00,0
43,9,AU,Queensland,22-03-2006 00:00,22-03-2017 00:00,0
43,9,US,WA,26-04-2001 00:00,15-12-2015 00:00,0
43,8,US,ca,09-05-2004 18:06,24-04-2017 11:55,0
43,8,US,GA,05-11-1997 05:00,05-09-2016 08:00,0
43,9,US,CA,29-03-1997 00:00,29-11-2016 00:00,0
43,8,GB,Peterborough,08-12-1995 00:00,04-04-2014 00:00,0
43,7,US,CA,27-06-2001 00:00,03-03-2017 00:00,0
43,9,US,CA,13-01-2001 00:12,12-12-2015 10:16,0
43,7,None,None,13-11-2002 00:00,13-11-2016 00:00,0
43,8,None,None,09-12-1996 00:00,09-10-2015 00:00,0
43,9,US,Arizona,30-01-1996 00:00,01-02-2017 00:00,0
43,9,US,CA,13-01-2001 00:12,12-12-2015 10:16,0
43,9,UK,UK,27-02-1996 00:00,27-01-2016 00:00,0
43,9,US,CA,16-07-1999 00:00,29-03-2013 00:00,0
43,8,US,Arizona,23-06-2006 00:00,24-06-2016 00:00,0
43,9,None,None,28-11-1999 00:00,09-09-2013 00:00,0
43,12,None,None,25-09-2000 00:00,23-11-2015 00:00,0
43,8,None,None,26-09-2003 00:00,17-06-2016 00:00,0
43,9,CA,Quebec,10-04-2002 00:00,09-06-2016 00:00,0
43,10,US,NY,23-03-1995 00:00,03-03-2017 00:00,0
43,7,US,PA,05-06-2003 00:00,26-11-2014 00:00,0
43,7,GB,None,11-11-2006 00:00,26-10-2016 00:00,0
43,7,US,CA,31-07-2000 00:00,29-06-2016 00:00,0
43,10,US,FL,20-04-1995 04:00,07-03-2013 19:26,0
43,9,US,CA,13-01-2001 00:12,12-12-2015 10:16,0
43,10,US,CO,03-05-2015 00:00,04-05-2016 00:00,0
44,10,US,Utah,24-05-2000 00:00,25-05-2016 00:00,1
44,10,US,CO,04-02-2005 00:00,21-03-2017 00:00,0
44,8,US,WA,08-04-1996 00:00,18-11-2016 00:00,0
44,11,None,None,None,None,0
44,9,US,CA,18-01-1995 00:00,26-08-2015 00:00,0
44,9,US,CA,13-01-2001 00:12,12-12-2015 10:16,0
44,9,US,NY,16-09-1996 04:00,05-04-2017 13:36,0
44,7,US,PA,05-06-2003 00:00,26-11-2014 00:00,0
44,8,US,WA,08-04-1996 00:00,18-11-2016 00:00,0
44,10,AU,None,20-07-2006 00:00,05-03-2013 00:00,0
44,9,US,Ohio,08-01-2004 00:00,03-01-2017 00:00,0
44,11,US,CA,02-11-2002 00:00,02-02-2017 00:00,0
44,10,CA,ON,09-12-2003 00:00,22-10-2016 00:00,0
44,9,US,CA,13-01-2001 00:12,12-12-2015 10:16,0
44,7,US,Arizona,12-03-2008 00:00,19-05-2016 00:00,0
44,8,US,WA,13-09-2000 00:00,29-08-2016 00:00,0
44,9,US,UT,05-02-1999 00:00,16-06-2014 00:00,0
44,9,US,CA,13-01-2001 00:12,12-12-2015 10:16,0
44,9,US,CA,13-01-2001 00:12,12-12-2015 10:16,0
44,9,CA,ON,09-12-2003 00:00,22-10-2016 00:00,0
44,9,None,None,None,None,0
44,8,US,FL,10-05-2000 00:00,11-10-2016 00:00,0
44,9,US,California,28-11-1999 00:00,09-09-2013 00:00,0
44,9,US,FL,03-06-2000 00:00,05-05-2016 00:00,0
44,8,US,CA,25-01-1995 00:00,05-12-2013 00:00,0
44,8,US,WA,05-01-1996 00:00,05-05-2016 00:00,0
44,9,FR,None,05-10-2005 00:00,21-05-2015 00:00,0
44,9,US,Ohio,08-01-2004 00:00,03-01-2017 00:00,0
44,8,US,New York,28-06-2006 00:00,01-02-2013 00:00,0
44,10,US,CO,25-06-1997 00:00,26-03-2017 00:00,0
44,9,US,CA,09-01-1998 00:00,04-01-2017 00:00,0
44,8,US,WA,05-01-1996 00:00,05-05-2016 00:00,0
44,9,US,California,28-11-1999 00:00,09-09-2013 00:00,0
44,9,US,CA,13-01-2001 00:12,12-12-2015 10:16,0
44,8,CA,ON,17-03-2000 00:00,17-01-2016 00:00,0
44,8,US,California,26-09-2003 00:00,17-06-2016 00:00,0
45,10,None,None,09-10-2016 17:08,None,1
45,8,None,None,29-02-2008 00:00,21-02-2017 00:00,0
45,9,US,MI,18-05-2001 00:00,19-03-2016 00:00,0
45,9,None,None,28-11-1999 00:00,09-09-2013 00:00,0
45,9,US,MA,29-09-1994 00:00,29-11-2016 00:00,0
45,8,US,FL,30-10-2002 00:00,06-07-2016 00:00,0
45,10,None,None,19-12-2000 00:00,16-12-2016 00:00,0
45,10,US,CT,13-05-1998 00:00,17-06-2016 00:00,0
45,9,US,Arizona,09-08-2009 00:00,17-06-2016 00:00,0
45,7,US,MA,29-07-2007 00:00,09-07-2016 00:00,0
45,7,US,Arizona,15-07-2009 00:00,20-04-2015 00:00,0
45,8,None,None,27-09-2000 00:00,10-10-2016 00:00,0
45,8,US,Arizona,13-07-2001 00:00,26-04-2015 00:00,0
45,11,US,CA,13-01-2001 00:12,12-12-2015 10:16,0
45,11,US,CA,20-10-1998 00:00,04-12-2013 00:00,0
45,8,US,NY,10-03-2005 00:00,07-03-2017 00:00,0
45,11,US,Minnesota,08-08-2001 00:00,09-11-2015 00:00,0
45,9,CA,ON,09-12-2003 00:00,22-10-2016 00:00,0
45,9,US,CA,13-01-2001 00:12,12-12-2015 10:16,0
45,8,US,Missouri,28-09-2007 16:06,28-03-2017 18:24,0
45,10,None,None,None,None,0
45,10,US,CA,09-01-1998 00:00,04-01-2017 00:00,0
45,9,US,CA,13-01-2001 00:12,12-12-2015 10:16,0
45,9,US,CA,13-01-2001 00:12,12-12-2015 10:16,0
45,10,US,CA,18-01-1995 00:00,26-08-2015 00:00,0
45,8,AU,VIC,12-03-2009 01:58,18-04-2017 01:29,0
45,9,US,MA,08-11-1993 00:00,12-10-2015 00:00,0
45,10,US,NY,25-07-1998 00:00,05-03-2017 00:00,0
45,9,AU,Queensland,22-03-2006 00:00,22-03-2017 00:00,0
45,9,US,UT,05-02-1999 00:00,16-06-2014 00:00,0
45,10,US,CA,13-01-2001 00:12,12-12-2015 10:16,0
45,8,US,Washington,16-11-1999 00:00,05-11-2016 00:00,0
45,9,US,WA,20-07-1998 04:00,21-02-2017 03:57,0
45,9,US,WA,07-04-2003 00:00,01-11-2013 00:00,0
45,7,US,NY,04-06-2009 00:00,04-05-2016 00:00,0
45,10,CA,ON,29-11-2000 00:00,21-10-2016 00:00,0
45,10,NL,Noord-Holland,03-02-1999 00:00,04-02-2017 00:00,0
45,9,US,California,28-11-1999 00:00,09-09-2013 00:00,0
45,9,US,CA,13-01-2001 00:12,12-12-2015 10:16,0
45,8,None,None,18-10-2000 00:00,29-01-2017 00:00,0
46,11,None,None,None,None,1
46,12,US,CALIFORNIA,06-10-2005 00:00,06-10-2016 00:00,1
46,9,US,CA,29-03-1997 00:00,29-11-2016 00:00,0
46,11,US,CA,13-01-2001 00:12,12-12-2015 10:16,0
46,9,None,None,22-09-2009 00:00,23-04-2015 00:00,0
46,9,None,None,None,None,0
46,9,US,WA,13-09-2000 00:00,29-08-2016 00:00,0
46,11,US,CA,13-01-2001 00:12,12-12-2015 10:16,0
46,9,US,NY,18-01-1994 00:00,21-10-2016 00:00,0
46,10,US,Minnesota,08-08-2001 00:00,09-11-2015 00:00,0
46,8,US,VA,13-09-1996 04:00,16-07-2016 07:42,0
46,9,US,Arizona,21-07-2008 00:00,18-04-2015 00:00,0
46,9,US,NY,23-03-1995 00:00,03-03-2017 00:00,0
46,8,US,WA,30-01-2007 00:00,28-12-2016 00:00,0
46,10,JP,Osaka,11-03-2017 00:00,24-04-2017 00:00,0
46,10,US,Maryland,25-08-2004 00:00,26-08-2016 00:00,0
46,11,US,PA,16-05-2001 00:00,13-05-2015 00:00,0
46,9,US,CA,13-01-2001 00:12,12-12-2015 10:16,0
46,9,US,CA,22-11-2003 00:00,01-05-2014 00:00,0
46,8,US,PA,14-10-2016 00:00,14-10-2016 00:00,0
46,11,US,CA,18-01-1995 00:00,26-08-2015 00:00,0
46,10,US,Nevada,15-12-2004 00:00,25-02-2015 00:00,0
46,9,US,NY,26-07-1995 00:00,21-07-2016 00:00,0
46,8,None,None,22-04-1999 00:00,09-09-2016 00:00,0
46,10,US,Ohio,08-01-2004 00:00,03-01-2017 00:00,0
46,8,US,CA,26-05-2006 00:00,08-09-2016 00:00,0
46,12,US,CA,02-11-2002 00:00,02-02-2017 00:00,0
46,10,US,California,06-08-2002 00:00,15-10-2015 00:00,0
46,11,US,Ohio,08-01-2004 00:00,03-01-2017 00:00,0
46,10,US,MO,20-05-1996 00:00,24-10-2016 00:00,0
46,10,US,Ohio,08-01-2004 00:00,03-01-2017 00:00,0
46,12,None,None,None,None,0
46,10,None,None,07-03-2000 00:00,23-03-2017 00:00,0
46,8,PH,None,08-07-2000 00:00,05-03-2016 00:00,0
46,10,None,None,None,None,0
46,10,None,None,None,None,0
46,8,US,Arizona,03-12-1999 00:00,06-10-2015 00:00,0
46,8,US,MI,15-11-1998 00:00,23-12-2011 00:00,0
46,7,US,CA,31-07-2000 00:00,29-06-2016 00:00,0
46,9,AU,New South Wales,08-01-2009 10:56,09-01-2017 10:11,0
46,10,US,CA,13-01-2001 00:12,12-12-2015 10:16,0
46,10,PA,PANAMA,11-11-2007 00:00,18-12-2015 00:00,0
46,9,US,California,28-11-1999 00:00,09-09-2013 00:00,0
46,6,US,CA,29-03-1997 00:00,29-11-2016 00:00,0
47,11,PA,PANAMA,19-07-2004 00:00,06-07-2016 00:00,1
47,9,US,Texas,02-09-2003 00:00,18-09-2015 00:00,0
47,9,PA,PANAMA,11-11-2007 00:00,18-12-2015 00:00,0
47,9,CA,ON,31-12-1999 00:00,17-12-2016 00:00,0
47,8,US,Washington,28-08-1998 00:00,13-12-2016 00:00,0
47,9,US,UT,05-02-1999 00:00,16-06-2014 00:00,0
47,8,PA,PANAMA,04-10-2003 00:00,08-12-2014 00:00,0
47,9,US,WA,02-10-2007 00:00,31-08-2016 00:00,0
47,10,US,Nebraska,24-04-2007 00:00,25-04-2017 00:00,0
47,11,US,AL,15-12-2010 00:00,27-10-2016 00:00,0
47,10,None,None,None,None,0
47,9,US,California,28-11-1999 00:00,09-09-2013 00:00,0
47,10,US,WA,01-06-2001 00:00,17-05-2016 00:00,0
47,10,None,None,22-08-2007 00:00,24-07-2014 00:00,0
47,9,None,None,26-01-2001 00:00,26-03-2017 00:00,0
47,9,PH,ILOCOS NORTE R3,06-06-2007 00:00,19-12-2015 00:00,0
47,9,US,GA,19-09-2002 00:00,04-09-2016 00:00,0
47,9,US,California,28-07-1995 00:00,26-11-2015 00:00,0
47,12,US,CA,13-01-2001 00:12,12-12-2015 10:16,0
47,10,AU,None,20-07-2006 00:00,05-03-2013 00:00,0
47,9,US,NV,01-11-1994 00:00,30-04-2014 00:00,0
47,11,PA,PANAMA,11-11-2007 00:00,18-12-2015 00:00,0
47,10,AU,None,20-07-2006 00:00,05-03-2013 00:00,0
47,10,None,None,08-05-2001 00:00,19-04-2015 00:00,0
47,11,None,None,None,None,0
47,9,US,Pennsylvania,29-05-1996 00:00,28-04-2015 00:00,0
47,8,CA,ON,18-10-2002 00:00,17-10-2016 00:00,0
47,11,None,None,18-10-2004 00:00,02-07-2015 00:00,0
47,9,US,CA,22-11-2003 00:00,01-05-2014 00:00,0
47,9,None,None,05-11-1997 00:00,14-04-2015 00:00,0
47,10,GB,London,13-06-1997 00:00,05-11-2015 00:00,0
47,11,US,CA,13-01-2001 00:12,12-12-2015 10:16,0
47,8,US,CA,29-03-1997 00:00,29-11-2016 00:00,0
47,10,AU,Queensland,22-03-2006 00:00,22-03-2017 00:00,0
47,8,US,NY,28-03-2000 00:00,28-03-2017 00:00,0
47,8,CA,MB,12-04-2000 00:00,04-04-2017 00:00,0
47,9,US,California,28-11-1999 00:00,09-09-2013 00:00,0
47,9,CA,ON,09-12-2003 00:00,22-10-2016 00:00,0
47,9,US,California,28-11-1999 00:00,09-09-2013 00:00,0
47,9,US,CA,28-11-2006 00:00,13-03-2014 00:00,0
47,11,US,CA,02-11-2002 00:00,02-02-2017 00:00,0
48,10,FR,None,24-02-1996 00:00,27-12-2016 00:00,1
48,11,None,None,None,None,1
48,10,US,Utah,24-05-2000 00:00,25-05-2016 00:00,1
48,11,US,Utah,24-05-2000 00:00,25-05-2016 00:00,1
48,14,CZ,PRAHA,07-10-2006 00:00,07-03-2017 00:00,1
48,9,US,Arizona,21-12-2005 00:00,08-12-2016 00:00,0
48,10,US,MO,20-05-1996 00:00,24-10-2016 00:00,0
48,11,None,None,None,None,0
48,9,US,Texas,02-09-2003 00:00,18-09-2015 00:00,0
48,11,US,CA,13-01-2001 00:12,12-12-2015 10:16,0
48,11,AU,Queensland,22-03-2006 00:00,22-03-2017 00:00,0
48,8,US,CO,01-07-1998 00:00,26-06-2016 00:00,0
48,9,US,GA,05-05-2004 00:00,20-04-2016 00:00,0
48,9,US,CA,02-11-2002 00:00,02-02-2017 00:00,0
48,10,AU,None,20-07-2006 00:00,05-03-2013 00:00,0
48,11,None,None,11-10-2000 00:00,12-12-2016 00:00,0
48,8,US,Florida,02-12-2004 00:00,25-11-2015 00:00,0
48,8,US,CA,10-08-1998 00:00,10-07-2012 00:00,0
48,9,CZ,None,13-04-2005 00:00,10-11-2016 00:00,0
48,9,KR,None,14-08-2000 00:00,06-07-2016 00:00,0
48,9,US,CA,13-01-2001 00:12,12-12-2015 10:16,0
48,9,US,Colorado,29-12-2005 00:00,06-02-2017 00:00,0
48,9,US,Arizona,25-06-2002 00:00,26-06-2016 00:00,0
48,11,US,NY,18-10-1994 00:00,06-10-2016 00:00,0
48,11,US,CA,02-11-2002 00:00,02-02-2017 00:00,0
48,9,None,None,28-11-1999 00:00,09-09-2013 00:00,0
48,7,US,CA,31-07-2000 00:00,29-06-2016 00:00,0
48,8,US,Arizona,03-12-1999 00:00,06-10-2015 00:00,0
48,11,None,None,28-04-2003 00:00,29-04-2016 00:00,0
48,10,US,CO,22-06-2014 00:00,22-06-2016 00:00,0
48,9,CA,ON,09-12-2003 00:00,22-10-2016 00:00,0
48,10,HK,Central,24-05-2015 00:00,22-04-2016 00:00,0
48,8,IN,Maharashtra,05-08-1999 00:00,10-02-2017 00:00,0
48,11,US,MA,21-08-1998 00:00,03-10-2016 00:00,0
49,12,KR,None,28-08-2003 00:00,10-05-2016 00:00,1
49,13,KR,None,03-01-2002 00:00,12-01-2015 00:00,1
49,12,US,VERMONT,22-03-2009 00:00,22-03-2017 00:00,1
49,13,CZ,PRAHA,07-10-2006 00:00,07-03-2017 00:00,1
49,7,US,Arizona,10-06-2005 00:00,04-06-2015 00:00,0
49,9,US,New York,03-07-2000 17:33,04-07-2016 14:14,0
49,9,US,MI,02-02-1996 00:00,07-04-2016 00:00,0
49,10,CH,ZH,19-02-1997 00:00,15-12-2015 00:00,0
49,11,US,CA,02-11-2002 00:00,02-02-2017 00:00,0
49,9,None,None,23-08-2010 00:00,17-04-2015 00:00,0
49,9,US,California,28-11-1999 00:00,09-09-2013 00:00,0
49,10,US,IL,23-09-2009 00:00,08-09-2016 00:00,0
49,11,None,None,None,None,0
49,9,US,CA,07-10-2005 16:25,10-09-2016 06:58,0
49,10,AU,Queensland,22-03-2006 00:00,22-03-2017 00:00,0
49,12,None,None,None,None,0
49,9,US,ca,14-05-1999 00:00,28-06-2016 00:00,0
49,9,US,CA,20-09-1995 00:00,21-03-2017 00:00,0
49,10,CN,hunansheng,30-08-2004 00:00,08-03-2017 00:00,0
49,7,US,Pennsylvania,30-01-2003 00:00,31-01-2016 00:00,0
49,9,US,CA,22-11-2003 00:00,01-05-2014 00:00,0
49,9,US,WA,22-11-2000 00:00,28-09-2016 00:00,0
49,9,US,CA,02-11-2002 00:00,02-02-2017 00:00,0
49,9,US,MA,06-11-2001 01:42,11-03-2017 15:28,0
49,11,US,CA,13-01-2001 00:12,12-12-2015 10:16,0
49,9,US,TX,11-11-1999 00:00,16-04-2016 00:00,0
49,10,US,MO,20-05-1996 00:00,24-10-2016 00:00,0
49,12,US,CA,18-01-1995 00:00,26-08-2015 00:00,0
49,9,CA,ON,09-12-2003 00:00,22-10-2016 00:00,0
49,10,US,NY,26-07-1990 00:00,21-07-2016 00:00,0
49,10,US,NV,01-11-1994 00:00,30-04-2014 00:00,0
49,10,US,Ohio,08-01-2004 00:00,03-01-2017 00:00,0
49,11,None,None,None,None,0
49,10,AU,Queensland,22-03-2006 00:00,22-03-2017 00:00,0
49,10,US,FL,26-07-2003 00:00,22-04-2016 00:00,0
49,9,US,CA,29-03-1997 00:00,29-11-2016 00:00,0
49,10,US,UT,16-05-1995 00:00,21-10-2016 00:00,0
49,9,AU,NSW,19-08-2004 00:00,05-07-2016 00:00,0
50,13,CZ,PRAHA,07-10-2006 00:00,07-03-2017 00:00,1
50,11,None,None,None,None,1
50,11,UA,NONE,26-04-2004 00:00,27-04-2017 00:00,1
50,12,US,CA,02-11-2002 00:00,02-02-2017 00:00,0
50,9,CA,ON,09-12-2003 00:00,22-10-2016 00:00,0
50,10,US,IL,09-03-2006 00:00,23-02-2017 00:00,0
50,10,CA,Ontario,23-07-2011 00:00,07-12-2015 00:00,0
50,10,US,CA,22-11-2003 00:00,01-05-2014 00:00,0
50,9,US,CA,09-12-2002 00:00,02-05-2014 00:00,0
50,9,US,FL,02-04-1999 00:00,06-05-2016 00:00,0
50,10,US,Wisconsin,21-05-2007 21:12,27-03-2014 15:06,0
50,10,None,None,None,None,0
50,11,US,CA,02-11-2002 00:00,02-02-2017 00:00,0
50,10,US,NY,04-10-1996 00:00,17-01-2017 00:00,0
50,11,US,CA,01-05-1996 00:00,25-03-2017 00:00,0
50,11,None,None,None,None,0
50,12,US,NY,31-01-1995 05:00,04-12-2014 17:41,0
50,11,US,CA,13-01-2001 00:12,12-12-2015 10:16,0
50,9,None,None,22-02-2007 00:00,22-02-2016 00:00,0
50,9,US,CA,06-12-1994 00:00,03-11-2015 00:00,0
50,10,None,None,None,None,0
50,9,US,FL,02-01-2003 00:00,01-01-2017 00:00,0
50,11,None,None,None,None,0
50,14,US,CA,09-01-1998 00:00,04-01-2017 00:00,0
50,9,US,California,26-09-2003 00:00,17-06-2016 00:00,0
50,11,US,WA,13-09-2000 00:00,29-08-2016 00:00,0
50,9,US,UTAH,06-10-1999 00:00,13-12-2008 00:00,0
50,10,US,CA,11-06-2003 00:00,18-10-2014 00:00,0
50,10,US,IL,30-12-1996 00:00,30-10-2016 00:00,0
50,10,US,FL,14-09-1995 00:00,12-05-2016 00:00,0
50,9,US,NJ,27-02-1998 05:00,17-12-2012 21:45,0
51,14,CZ,PRAHA,07-10-2006 00:00,07-03-2017 00:00,1
51,14,US,WA,11-01-1999 00:00,04-04-2017 00:00,1
51,10,KY,GRAND CAYMAN,04-01-2007 00:00,07-12-2016 00:00,0
51,10,None,None,26-09-2003 00:00,17-06-2016 00:00,0
51,10,US,PA,04-11-2004 22:27,21-09-2016 15:14,0
51,8,US,CA,25-01-1995 00:00,05-12-2013 00:00,0
51,10,US,Utr,21-01-2007 22:31,23-12-2016 04:58,0
51,9,US,CA,29-03-1997 00:00,29-11-2016 00:00,0
51,10,CN,beijingshi,07-03-2000 00:00,27-03-2017 00:00,0
51,9,None,None,None,None,0
51,10,None,None,None,None,0
51,9,US,California,28-11-1999 00:00,09-09-2013 00:00,0
51,12,US,CA,02-11-2002 00:00,02-02-2017 00:00,0
51,8,US,Washington,13-01-2005 00:00,14-01-2016 00:00,0
51,10,None,None,None,None,0
51,11,None,None,22-02-2001 00:00,08-04-2017 00:00,0
51,10,US,CO,28-09-1996 00:00,26-09-2016 00:00,0
51,11,US,CA,20-11-2007 00:00,13-05-2016 00:00,0
51,10,US,CA,12-12-2003 00:00,18-10-2016 00:00,0
51,11,US,WA,01-06-2001 00:00,17-05-2016 00:00,0
51,9,US,Arizona,04-05-2001 00:00,09-11-2016 00:00,0
51,11,US,UT,16-05-1995 00:00,21-10-2016 00:00,0
51,9,US,CA,29-03-1997 00:00,29-11-2016 00:00,0
51,8,US,VA,09-09-2002 00:00,29-08-2014 00:00,0
51,11,US,Arizona,15-02-2000 00:00,10-01-2017 00:00,0
52,14,CZ,PRAHA,07-10-2006 00:00,07-03-2017 00:00,1
52,12,BR,None,None,None,1
52,14,CN,Bei Jing,01-03-2005 00:00,07-09-2016 00:00,1
52,9,US,CA,29-03-1997 00:00,29-11-2016 00:00,0
52,12,US,VA,21-02-1992 00:00,22-08-2016 00:00,0
52,10,US,CA,15-10-2005 00:00,13-09-2016 00:00,0
52,10,US,CA,01-06-1996 00:00,02-04-2017 00:00,0
52,10,US,Ohio,08-01-2004 00:00,03-01-2017 00:00,0
52,11,US,CA,13-01-2001 00:12,12-12-2015 10:16,0
52,12,PA,PANAMA,05-03-2005 00:00,14-12-2015 00:00,0
52,10,US,CA,14-04-1998 00:00,14-04-2017 00:00,0
52,10,US,CA,02-06-1994 00:00,06-01-2017 00:00,0
52,12,US,CA,09-01-1998 00:00,04-01-2017 00:00,0
52,11,CH,ZH,19-02-1997 00:00,15-12-2015 00:00,0
52,10,US,NY,31-05-1995 00:00,18-11-2013 00:00,0
52,9,US,WA,13-09-2000 00:00,29-08-2016 00:00,0
52,10,US,NJ,02-03-1995 00:00,30-06-2016 00:00,0
52,9,None,None,18-01-2008 00:00,05-01-2017 00:00,0
52,9,CA,ON,09-12-2003 00:00,22-10-2016 00:00,0
52,10,US,WA,22-03-1999 00:00,15-07-2016 00:00,0
52,11,None,None,None,None,0
52,11,None,None,27-05-1998 00:00,25-04-2017 00:00,0
52,9,CA,ON,17-09-1998 00:00,10-11-2016 00:00,0
52,10,None,None,07-05-1998 00:00,16-09-2016 00:00,0
52,10,US,NV,01-11-1994 00:00,30-04-2014 00:00,0
52,8,None,None,05-11-2003 00:00,06-11-2016 00:00,0
52,11,None,None,None,None,0
52,11,US,NJ,23-10-1994 00:00,01-11-2016 00:00,0
52,10,US,WA,22-03-1999 00:00,15-07-2016 00:00,0
52,10,CA,Quebec,14-10-2007 12:24,01-09-2016 14:20,0
52,9,None,None,None,None,0
52,8,AU,QLD,25-11-2016 00:00,15-03-2017 00:00,0
52,10,CA,Manitoba,30-09-2002 00:00,24-09-2016 00:00,0
52,11,US,CA,18-01-1995 00:00,26-08-2015 00:00,0
52,11,US,CA,31-07-2000 00:00,29-06-2016 00:00,0
53,12,US,ALABAMA,09-02-2007 00:00,09-02-2017 00:00,1
53,11,US,CA,29-03-1997 00:00,29-11-2016 00:00,0
53,10,US,CO,10-02-1999 00:00,06-02-2017 00:00,0
53,8,US,PA,07-08-1995 00:00,27-03-2014 00:00,0
53,10,CA,Quebec,21-05-1997 00:00,26-07-2016 00:00,0
53,12,US,CA,09-01-1998 00:00,04-01-2017 00:00,0
53,11,None,None,None,None,0
53,10,None,None,10-01-2006 00:00,11-11-2014 00:00,0
53,11,US,NH,31-08-2004 00:00,01-06-2016 00:00,0
53,10,CA,Quebec,21-05-1997 00:00,26-07-2016 00:00,0
53,9,US,GA,05-12-2005 00:00,22-04-2015 00:00,0
53,7,CA,ON,27-05-2002 00:00,28-04-2017 00:00,0
53,12,None,None,05-05-2001 00:00,28-01-2015 00:00,0
53,12,CA,ON,01-12-1996 05:00,30-11-2016 10:30,0
53,9,None,None,None,None,0
53,10,United Kingdom,None,None,None,0
53,11,None,None,01-03-2008 00:00,17-04-2015 00:00,0
53,12,US,WA,01-06-2001 00:00,17-05-2016 00:00,0
53,9,US,CA,06-12-1994 00:00,03-11-2015 00:00,0
54,11,US,Arizona,16-02-2005 00:00,24-02-2016 00:00,1
54,11,US,CA,17-12-2005 00:00,18-11-2015 00:00,1
54,11,US,PA,07-08-1995 00:00,27-03-2014 00:00,0
54,12,None,None,None,None,0
54,9,US,MI,15-11-1998 00:00,23-12-2011 00:00,0
54,12,None,None,None,None,0
54,9,US,FL,02-10-2002 00:00,14-03-2017 00:00,0
54,12,None,None,None,None,0
54,8,US,WA,13-09-2000 00:00,29-08-2016 00:00,0
54,11,US,CA,18-01-1995 00:00,26-08-2015 00:00,0
54,9,CA,ON,06-03-1998 00:00,30-03-2017 00:00,0
54,12,US,VA,21-02-1992 00:00,22-08-2016 00:00,0
54,12,US,CA,13-01-2001 00:12,12-12-2015 10:16,0
54,10,CN,Zhejiang,15-04-1999 00:00,20-06-2012 00:00,0
54,12,None,None,None,None,0
54,10,US,CA,29-09-2005 00:00,05-05-2016 00:00,0
54,9,US,CA,29-03-1997 00:00,29-11-2016 00:00,0
54,10,US,CA,09-12-2002 00:00,02-05-2014 00:00,0
54,10,US,TX,17-07-2000 00:00,03-03-2017 00:00,0
54,12,None,None,None,None,0
54,9,US,WA,27-06-2015 00:00,18-04-2016 00:00,0
54,9,None,None,19-02-2005 00:00,20-02-2017 00:00,0
54,11,US,FL,07-11-1996 00:00,25-08-2015 00:00,0
54,10,US,CA,14-12-1995 05:00,06-12-2016 21:52,0
54,10,US,CA,13-01-2001 00:12,12-12-2015 10:16,0
54,12,US,FL,06-11-1998 00:00,05-09-2014 00:00,0
54,11,AU,NSW,29-09-2000 00:00,18-11-2014 00:00,0
54,12,None,None,18-10-2000 00:00,16-01-2017 00:00,0
54,11,US,MA,21-08-1998 00:00,03-10-2016 00:00,0
55,12,CZ,PRAHA,07-10-2006 00:00,07-03-2017 00:00,1
55,12,PA,PANAMA,19-07-2004 00:00,06-07-2016 00:00,1
55,10,US,NY,30-12-2002 00:00,09-04-2014 00:00,0
55,9,US,CA,11-09-1997 04:00,09-12-2015 14:43,0
55,12,US,Illinois,15-09-2003 00:00,16-09-2016 00:00,0
55,10,US,MA,15-09-1997 00:00,15-11-2016 00:00,0
55,11,US,CA,21-05-1998 00:00,16-05-2016 00:00,0
55,10,US,FL,04-01-1997 00:00,30-11-2016 00:00,0
55,12,US,CA,18-01-1995 00:00,26-08-2015 00:00,0
55,10,US,CA,13-01-2001 00:12,12-12-2015 10:16,0
55,12,US,MO,20-05-1996 00:00,24-10-2016 00:00,0
55,8,None,None,05-11-2003 00:00,06-11-2016 00:00,0
55,11,US,CA,13-01-2001 00:12,12-12-2015 10:16,0
55,12,BS,New Providence,25-10-2005 00:00,20-10-2016 00:00,0
55,9,US,FL,29-12-1999 00:00,14-04-2017 00:00,0
55,10,US,DE,01-09-1995 04:00,01-03-2017 19:31,0
55,10,CA,ON,09-12-2003 00:00,22-10-2016 00:00,0
55,12,US,CA,13-01-2001 00:12,12-12-2015 10:16,0
55,10,US,CA,16-03-2003 08:22,29-03-2016 17:55,0
55,12,US,NV,01-11-1994 00:00,30-04-2014 00:00,0
55,10,US,CA,22-11-2003 00:00,01-05-2014 00:00,0
55,10,US,CA,13-01-2001 00:12,12-12-2015 10:16,0
55,9,US,CA,29-03-1997 00:00,29-11-2016 00:00,0
55,9,US,CA,29-03-1997 00:00,29-11-2016 00:00,0
55,9,US,CA,29-03-1997 00:00,29-11-2016 00:00,0
55,11,US,NV,01-11-1994 00:00,30-04-2014 00:00,0
55,10,US,WI,02-12-1998 00:00,01-12-2016 00:00,0
55,12,US,CA,02-11-2002 00:00,02-02-2017 00:00,0
55,10,US,CA,16-03-2003 08:22,29-03-2016 17:55,0
55,11,AU,None,22-07-2008 00:00,22-07-2016 00:00,0
56,11,PK,Punjab,27-09-2013 00:00,29-09-2016 00:00,1
56,8,US,CA,05-11-1999 00:00,11-08-2016 00:00,0
56,12,None,None,b,17-03-2017 00:00,0
56,11,US,CA,13-08-2002 00:00,14-03-2017 00:00,0
56,11,US,New York,01-09-1998 00:00,15-10-2016 00:00,0
56,12,US,CA,02-11-2002 00:00,02-02-2017 00:00,0
56,9,CA,qc,08-12-1997 00:00,18-10-2015 00:00,0
56,10,US,CA,29-03-1997 00:00,29-11-2016 00:00,0
56,12,US,CA,20-10-1998 00:00,04-12-2013 00:00,0
56,10,US,CO,16-12-1993 05:00,09-09-2015 20:47,0
56,11,US,GA,16-02-2001 09:00,23-09-2014 14:02,0
56,10,US,Connecticut,13-12-1995 00:00,14-09-2015 00:00,0
56,10,PA,PANAMA,25-02-1999 00:00,18-01-2016 00:00,0
56,9,US,CA,29-03-1997 00:00,29-11-2016 00:00,0
56,11,None,None,13-10-2000 00:00,28-08-2015 00:00,0
56,9,US,CA,29-03-1997 00:00,29-11-2016 00:00,0
56,11,AU,None,22-07-2008 00:00,22-07-2016 00:00,0
56,11,None,None,06-08-2004 00:00,05-07-2016 00:00,0
56,9,US,Nevada,18-05-2003 07:22,19-05-2016 15:04,0
56,9,CA,Quebec,04-02-2003 00:00,06-02-2017 00:00,0
56,12,CN,hunansheng,30-08-2004 00:00,08-03-2017 00:00,0
56,13,US,MO,20-05-1996 00:00,24-10-2016 00:00,0
56,12,US,Ohio,08-01-2004 00:00,03-01-2017 00:00,0
56,10,US,Arizona,09-08-2002 18:13,03-04-2016 11:08,0
56,12,US,CA,13-01-2001 00:12,12-12-2015 10:16,0
56,9,IL,il,29-12-2008 00:00,15-03-2017 00:00,0
56,9,None,None,None,None,0
56,11,DE,Berlin,31-07-2006 00:00,28-02-2017 00:00,0
56,11,US,CA,16-11-1998 00:00,03-03-2017 00:00,0
56,10,US,FL,18-04-2000 00:00,18-04-2016 00:00,0
56,11,None,None,20-04-2001 00:00,22-05-2015 00:00,0
56,11,US,Arizona,28-09-2005 00:00,02-03-2017 00:00,0
56,11,PA,PANAMA,31-05-2005 00:00,06-03-2017 00:00,0
57,9,US,FL,03-08-1998 00:00,06-02-2017 00:00,0
57,11,US,CA,13-01-2001 00:12,12-12-2015 10:16,0
57,11,US,Arizona,14-02-2000 00:00,14-02-2016 00:00,0
57,10,US,NV,01-11-1994 00:00,30-04-2014 00:00,0
57,9,US,CA,29-03-1997 00:00,29-11-2016 00:00,0
57,11,None,None,None,None,0
57,11,None,None,16-10-2000 00:00,25-10-2016 00:00,0
57,11,None,None,05-02-1999 00:00,20-04-2015 00:00,0
57,10,US,UT,05-02-1999 00:00,16-06-2014 00:00,0
57,12,US,NY,14-04-1998 00:00,15-03-2017 00:00,0
57,12,None,None,28-08-2007 00:00,29-04-2013 00:00,0
57,10,US,CA,29-03-1997 00:00,29-11-2016 00:00,0
57,10,US,Ohio,08-01-2004 00:00,03-01-2017 00:00,0
57,10,SE,INDAL,19-12-2006 00:00,17-12-2016 00:00,0
57,10,None,None,16-01-2001 00:00,17-12-2016 00:00,0
57,12,US,IL,12-12-1990 00:00,08-06-2015 00:00,0
57,9,JP,Osaka,19-07-2016 00:00,19-07-2016 00:00,0
57,10,US,CA,25-02-1999 00:00,18-01-2017 00:00,0
57,13,US,NY,13-11-2003 00:00,12-01-2017 00:00,0
57,11,US,NV,01-11-1994 00:00,30-04-2014 00:00,0
57,11,US,NY,02-12-2000 00:00,03-11-2016 00:00,0
57,10,US,NY,30-12-2002 00:00,09-04-2014 00:00,0
57,11,IT,RM,07-04-2006 16:53,08-04-2017 01:39,0
57,10,None,None,None,None,0
57,11,US,CO,08-05-2003 00:00,05-05-2015 00:00,0
57,11,US,UT,16-05-1995 00:00,21-10-2016 00:00,0
57,7,None,None,29-07-2004 00:00,03-01-2016 00:00,0
57,12,US,Arizona,30-11-2006 00:00,17-04-2015 00:00,0
57,13,US,CA,13-01-2001 00:12,12-12-2015 10:16,0
57,11,US,IL,09-03-2006 00:00,23-02-2017 00:00,0
58,12,CZ,PRAHA,07-10-2006 00:00,07-03-2017 00:00,1
58,13,US,UTAH,06-05-2006 00:00,06-05-2016 00:00,1
58,12,US,NY,18-01-1994 00:00,21-10-2016 00:00,0
58,8,US,MA,12-09-2009 21:54,23-08-2016 10:07,0
58,10,US,UT,05-02-1999 00:00,16-06-2014 00:00,0
58,11,AU,None,22-07-2008 00:00,22-07-2016 00:00,0
58,9,US,Illinois,04-10-2010 00:00,21-10-2014 00:00,0
58,11,US,Arizona,20-04-2001 00:00,22-05-2015 00:00,0
58,10,US,CA,31-07-2000 00:00,29-06-2016 00:00,0
58,11,US,WA,22-03-1999 00:00,15-07-2016 00:00,0
58,11,CA,QC,18-04-2005 22:11,22-03-2017 18:00,0
58,8,US,FL,01-10-2001 00:00,16-01-2017 00:00,0
58,12,US,CA,18-04-2001 00:00,27-09-2016 00:00,0
58,10,CA,ON,14-07-1998 04:00,11-07-2016 09:21,0
58,9,US,CO,15-08-1995 00:00,13-07-2016 00:00,0
58,9,None,None,08-09-2004 00:00,28-02-2017 00:00,0
58,10,US,Arizona,26-01-2001 12:11,07-12-2015 11:23,0
58,11,US,CA,13-01-2001 00:12,12-12-2015 10:16,0
58,11,None,None,17-07-2006 00:00,07-09-2016 00:00,0
58,9,US,Arizona,17-05-2001 00:00,15-04-2015 00:00,0
58,11,US,NV,01-11-1994 00:00,30-04-2014 00:00,0
58,11,US,NV,01-11-1994 00:00,30-04-2014 00:00,0
58,12,US,va,07-09-1993 00:00,05-08-2016 00:00,0
59,11,US,NV,01-11-1994 00:00,30-04-2014 00:00,0
59,11,US,Arizona,07-06-2001 00:00,27-11-2015 00:00,0
59,10,None,None,13-08-2004 00:00,20-08-2015 00:00,0
59,11,US,UT,16-05-1995 00:00,21-10-2016 00:00,0
59,10,None,None,16-06-1996 00:00,28-03-2016 00:00,0
59,12,BS,New Providence,06-11-2007 00:00,01-10-2016 00:00,0
59,10,US,IL,14-06-1995 00:00,17-05-2016 00:00,0
59,11,US,Virginia,23-03-1998 00:00,29-05-2015 00:00,0
59,10,US,FL,21-04-2002 00:00,23-03-2017 00:00,0
59,10,CN,None,07-07-2007 00:00,04-03-2017 00:00,0
59,9,US,CA,29-03-1997 00:00,29-11-2016 00:00,0
59,11,None,None,None,None,0
59,10,US,FL,21-04-2002 00:00,23-03-2017 00:00,0
59,13,US,AZ,31-12-2005 00:00,31-12-2016 00:00,0
59,10,FR,None,17-03-1996 05:00,01-06-2016 10:45,0
59,11,None,None,19-02-2002 00:00,25-04-2016 00:00,0
59,15,US,CA,18-01-1995 00:00,26-08-2015 00:00,0
59,9,US,CA,28-04-2005 00:00,07-12-2015 00:00,0
59,11,AU,None,22-07-2008 00:00,22-07-2016 00:00,0
59,9,US,CO,15-08-1995 00:00,13-07-2016 00:00,0
59,13,US,UT,21-06-1997 00:00,21-10-2016 00:00,0
59,13,US,UT,16-05-1995 00:00,21-10-2016 00:00,0
59,11,US,FL,24-04-1999 00:00,23-02-2015 00:00,0
59,11,US,FL,24-01-2001 00:00,24-01-2017 00:00,0
59,13,US,Missouri,23-05-1997 00:00,15-04-2015 00:00,0
59,11,NL,ZH,12-09-2002 00:00,06-05-2015 00:00,0
59,10,US,WA,20-02-2006 00:00,22-02-2017 00:00,0
59,12,BS,New Providence,06-11-2007 00:00,01-10-2016 00:00,0
59,11,US,Oregon,21-11-1997 00:00,05-03-2017 00:00,0
59,12,US,Ohio,08-01-2004 00:00,03-01-2017 00:00,0
59,11,US,FL,24-04-1999 00:00,23-02-2015 00:00,0
59,12,US,FL,19-03-1999 00:00,11-03-2012 00:00,0
59,10,None,None,16-06-1996 00:00,28-03-2016 00:00,0
59,13,None,None,None,None,0
60,11,US,UT,16-05-1995 00:00,21-10-2016 00:00,0
60,11,HK,None,01-09-2016 00:00,02-09-2016 00:00,0
60,11,None,None,None,None,0
60,10,US,CA,04-11-1998 00:00,02-10-2016 00:00,0
60,11,US,UT,16-05-1995 00:00,21-10-2016 00:00,0
60,11,CH,None,09-08-1995 00:00,04-08-2015 00:00,0
60,10,US,CA,15-04-2010 00:00,11-04-2017 00:00,0
60,12,US,CA,12-12-2003 00:00,18-10-2016 00:00,0
60,10,KR,None,04-12-2014 00:00,16-11-2016 00:00,0
60,13,US,CA,02-11-2002 00:00,02-02-2017 00:00,0
60,11,None,None,16-07-1998 16:08,None,0
60,13,None,None,10-06-1999 00:00,11-04-2016 00:00,0
60,11,US,Illinois,28-08-2001 00:00,28-04-2015 00:00,0
60,12,CA,BC,20-10-1998 00:00,07-12-2015 00:00,0
60,9,US,PA,05-06-2003 00:00,26-11-2014 00:00,0
60,11,CA,BC,12-10-2003 00:00,07-08-2015 00:00,0
60,11,US,ny,20-05-1996 00:00,19-04-2017 00:00,0
60,13,US,CA,13-01-2001 00:12,12-12-2015 10:16,0
60,11,US,CA,14-10-2001 00:00,18-12-2016 00:00,0
60,13,GB,London,29-09-1998 00:00,09-04-2017 00:00,0
60,12,None,None,16-05-2001 00:00,17-03-2016 00:00,0
60,12,US,FL,13-06-1995 00:00,05-05-2015 00:00,0
60,11,US,California,24-09-2006 00:00,26-08-2015 00:00,0
60,9,US,OH,13-08-2003 00:00,14-08-2016 00:00,0
60,13,US,VA,12-01-1995 00:00,19-12-2016 00:00,0
61,12,DE,None,10-09-2003 00:00,11-09-2016 00:00,1
61,10,US,AZ,09-04-2008 00:00,10-04-2017 00:00,0
61,12,US,FL,25-10-2002 00:00,28-03-2014 00:00,0
61,12,None,None,16-10-2000 00:00,25-10-2016 00:00,0
61,11,US,FL,21-05-1995 00:00,22-02-2017 00:00,0
61,10,None,None,None,None,0
61,9,US,WA,13-09-2000 00:00,29-08-2016 00:00,0
61,11,US,WA,20-01-1998 00:00,06-03-2017 00:00,0
61,12,US,CA,09-08-1996 00:00,04-04-2017 00:00,0
61,12,US,Ohio,08-01-2004 00:00,03-01-2017 00:00,0
61,12,None,None,27-01-1999 00:00,14-10-2012 00:00,0
61,9,None,None,15-08-2013 00:00,07-08-2015 00:00,0
61,10,US,NV,01-11-1994 00:00,30-04-2014 00:00,0
61,11,US,WA,22-03-1999 00:00,15-07-2016 00:00,0
61,12,US,NV,01-11-1994 00:00,30-04-2014 00:00,0
61,11,US,WA,22-03-1999 00:00,15-07-2016 00:00,0
61,11,US,DE,10-08-1999 00:00,03-03-2017 00:00,0
61,11,None,None,27-05-1997 00:00,28-04-2017 00:00,0
61,13,US,NY,13-03-2000 00:00,10-02-2016 00:00,0
61,13,US,WA,03-04-2011 00:00,11-03-2017 00:00,0
61,11,US,California,24-09-2006 00:00,26-08-2015 00:00,0
61,14,None,None,None,None,0
61,10,US,CO,16-12-2004 00:00,09-09-2013 00:00,0
62,13,US,FL,24-04-1999 00:00,23-02-2015 00:00,0
62,13,US,CA,13-01-2001 00:12,12-12-2015 10:16,0
62,12,None,None,17-07-2006 00:00,07-09-2016 00:00,0
62,13,US,FL,24-04-1999 00:00,23-02-2015 00:00,0
62,12,US,NY,30-12-2002 00:00,09-04-2014 00:00,0
62,12,US,CA,13-01-2001 00:12,12-12-2015 10:16,0
62,13,CA,Ontario,04-06-2010 00:00,07-04-2016 00:00,0
62,10,US,Missouri,11-10-2005 00:00,19-09-2016 00:00,0
62,9,US,PA,25-10-2003 00:00,26-11-2014 00:00,0
62,11,US,UT,16-05-1995 00:00,21-10-2016 00:00,0
62,11,None,None,13-07-2001 00:00,26-04-2015 00:00,0
62,11,IN,MAHARASHTR,22-12-2003 00:00,04-03-2017 00:00,0
62,11,US,California,26-09-2003 00:00,17-06-2016 00:00,0
62,12,US,CA,31-07-2000 00:00,29-06-2016 00:00,0
62,12,AU,Queensland,22-03-2006 00:00,22-03-2017 00:00,0
63,14,None,None,26-01-2007 00:00,21-01-2016 00:00,0
63,12,US,CA,13-08-2002 00:00,14-03-2017 00:00,0
63,11,US,CA,13-01-2001 00:12,12-12-2015 10:16,0
63,13,US,CA,13-01-2001 00:12,12-12-2015 10:16,0
63,12,US,Arizona,19-10-2006 00:00,20-10-2016 00:00,0
63,11,None,None,None,None,0
63,11,None,None,21-06-2004 06:33,17-03-2017 14:30,0
63,10,US,WA,03-12-1996 00:00,23-02-2017 00:00,0
63,9,None,None,09-02-2005 00:00,11-12-2015 00:00,0
63,12,None,None,None,None,0
63,12,None,None,27-03-1998 00:00,15-10-2016 00:00,0
63,14,CA,ONTARIO,02-05-2005 00:00,03-04-2017 00:00,0
63,11,US,OH,20-03-2002 00:00,18-02-2017 00:00,0
63,11,FR,None,15-03-2005 00:00,28-06-2016 00:00,0
63,13,US,UT,16-05-1995 00:00,21-10-2016 00:00,0
63,12,US,Illinois,05-12-1996 05:00,31-05-2013 23:28,0
63,11,US,CA,29-03-1997 00:00,29-11-2016 00:00,0
63,10,US,WA,10-10-2006 00:00,07-03-2017 00:00,0
63,10,US,PA,05-06-2003 00:00,26-11-2014 00:00,0
63,10,US,CA,18-01-1995 00:00,26-08-2015 00:00,0
63,14,None,None,None,None,0
63,11,None,None,None,None,0
64,11,US,WA,01-08-2007 00:00,04-03-2017 00:00,0
64,13,US,CA,22-04-1997 00:00,22-02-2017 00:00,0
64,11,UK,None,03-06-1993 00:00,02-11-2016 00:00,0
64,13,US,NY,30-12-2002 00:00,09-04-2014 00:00,0
64,13,US,NV,01-11-1994 00:00,30-04-2014 00:00,0
64,10,US,ca,14-05-1999 00:00,28-06-2016 00:00,0
64,10,IN,Haryana,22-11-1996 00:00,06-04-2016 00:00,0
64,11,US,nj,24-06-2003 00:00,22-08-2016 00:00,0
64,12,US,CA,09-01-1998 00:00,04-01-2017 00:00,0
64,11,None,None,18-04-2000 00:00,18-04-2016 00:00,0
64,13,US,NV,01-11-1994 00:00,30-04-2014 00:00,0
64,11,GB,MIDDLESEX,27-04-2007 00:00,20-04-2017 00:00,0
64,11,US,NV,01-11-1994 00:00,30-04-2014 00:00,0
64,10,US,WA,03-12-1996 00:00,23-02-2017 00:00,0
64,13,NO,Rogaland,07-04-2006 10:47,19-04-2017 12:59,0
64,13,US,TX,30-03-1994 00:00,27-02-2017 00:00,0
64,14,US,FL,12-02-1999 00:00,14-12-2016 00:00,0
64,11,US,FL,16-09-1996 00:00,15-09-2011 00:00,0
65,11,None,None,None,None,0
65,12,US,NV,01-11-1994 00:00,30-04-2014 00:00,0
65,11,US,NY,08-05-1996 00:00,27-01-2017 00:00,0
65,12,CA,ON,27-05-2010 00:00,27-02-2017 00:00,0
65,14,US,California,24-09-2006 00:00,26-08-2015 00:00,0
65,14,US,IL,12-12-1990 00:00,08-06-2015 00:00,0
65,10,US,CA,29-03-1997 00:00,29-11-2016 00:00,0
65,12,US,CO,28-09-1996 00:00,26-09-2016 00:00,0
65,11,None,None,11-10-2000 00:00,12-12-2016 00:00,0
65,14,US,WA,24-07-2006 17:52,21-06-2016 17:27,0
65,13,None,None,None,None,0
65,12,US,DE,05-03-1998 00:00,29-02-2016 00:00,0
65,11,US,UT,16-05-1995 00:00,21-10-2016 00:00,0
65,11,US,NY,28-01-2006 00:00,30-12-2016 00:00,0
66,14,US,MA,09-10-2014 00:00,10-10-2016 00:00,1
66,13,None,None,None,None,0
66,10,US,CA,18-01-1995 00:00,26-08-2015 00:00,0
66,12,US,NV,01-11-1994 00:00,30-04-2014 00:00,0
66,11,US,District of Columbia,01-02-2003 16:44,02-02-2017 17:11,0
66,10,None,None,24-10-2000 00:00,06-01-2016 00:00,0
66,12,None,None,29-08-2001 00:00,26-04-2015 00:00,0
66,15,CA,ON,26-07-2005 00:00,06-10-2016 00:00,0
66,11,US,DC,08-02-1996 00:00,21-05-2016 00:00,0
66,15,None,None,02-10-2001 13:00,15-09-2014 07:40,0
67,14,US,AZ,12-10-1997 04:00,05-04-2017 05:17,1
67,14,US,CA,18-01-1995 00:00,26-08-2015 00:00,0
67,12,None,None,23-02-2010 00:00,05-01-2016 00:00,0
67,9,US,Arizona,16-09-2004 00:00,28-10-2016 00:00,0
67,10,US,FL,27-07-2003 00:00,21-05-2014 00:00,0
67,9,US,PA,05-06-2003 00:00,26-11-2014 00:00,0
67,9,None,None,15-07-1999 00:00,15-05-2016 00:00,0
67,10,US,Kansas,07-03-2000 00:00,31-01-2017 00:00,0
67,13,US,California,28-07-2007 00:00,21-09-2015 00:00,0
67,12,US,FL,10-02-2000 00:00,28-02-2017 00:00,0
67,12,US,NY,30-12-2002 00:00,09-04-2014 00:00,0
67,14,US,CA,13-01-2001 00:12,12-12-2015 10:16,0
67,11,US,CO,19-07-2004 14:56,01-02-2017 05:28,0
67,13,US,NY,12-03-1999 00:00,16-11-2016 00:00,0
67,13,US,OH,02-05-1996 00:00,04-04-2017 00:00,0
68,13,CA,Ontario,18-01-2008 00:00,05-01-2017 00:00,0
68,13,US,NY,18-01-1994 00:00,21-10-2016 00:00,0
68,12,None,None,13-10-2000 00:00,27-04-2017 00:00,0
68,11,SE,None,24-09-2009 00:00,01-03-2017 00:00,0
68,12,US,MA,07-03-2001 00:00,18-08-2015 00:00,0
68,12,US,CA,18-01-1995 00:00,26-08-2015 00:00,0
68,14,US,NY,02-01-2001 00:00,31-05-2016 00:00,0
68,13,US,Arizona,30-11-2006 00:00,17-04-2015 00:00,0
68,15,US,NV,01-11-1994 00:00,30-04-2014 00:00,0
68,12,US,CA,13-01-2001 00:12,12-12-2015 10:16,0
68,14,US,Nevada,13-11-2002 00:00,12-08-2015 00:00,0
68,11,US,Arizona,26-01-2006 21:09,11-04-2017 23:16,0
68,11,GB,HANTS,21-12-2006 00:00,04-03-2017 00:00,0
68,12,US,NV,01-11-1994 00:00,30-04-2014 00:00,0
69,13,US,PA,16-11-2016 00:00,16-11-2016 00:00,1
69,14,US,CA,31-07-2000 00:00,29-06-2016 00:00,0
69,13,CA,ONTARIO,13-05-2011 00:00,13-05-2016 00:00,0
69,13,None,None,18-10-2000 00:00,30-10-2016 00:00,0
69,12,US,Ohio,26-05-1998 00:00,04-05-2016 00:00,0
69,11,US,CA,18-01-1995 00:00,26-08-2015 00:00,0
69,11,UK,None,03-06-1993 00:00,02-11-2016 00:00,0
69,13,PA,PANAMA,02-04-2008 00:00,13-06-2016 00:00,0
69,12,US,NV,01-11-1994 00:00,30-04-2014 00:00,0
69,12,US,UT,16-05-1995 00:00,21-10-2016 00:00,0
69,11,US,California,08-04-2000 00:00,31-01-2013 00:00,0
69,12,US,CA,29-03-1997 00:00,29-11-2016 00:00,0
69,12,Cyprus,None,05-11-2007 00:00,22-02-2017 00:00,0
69,13,US,CA,18-01-1995 00:00,26-08-2015 00:00,0
69,12,US,NV,01-11-1994 00:00,30-04-2014 00:00,0
69,11,US,Illinois,19-04-2006 00:00,29-07-2013 00:00,0
69,11,None,None,01-06-2006 00:00,06-03-2017 00:00,0
69,14,US,NY,12-03-1999 00:00,16-11-2016 00:00,0
69,14,US,CA,31-07-2000 00:00,29-06-2016 00:00,0
70,12,None,None,0,None,1
70,15,US,MO,20-05-1996 00:00,24-10-2016 00:00,0
70,13,CA,ON,10-03-1998 00:00,24-02-2015 00:00,0
70,15,None,None,None,None,0
70,14,AU,Queensland,23-01-2004 00:00,08-01-2017 00:00,0
70,13,US,California,03-03-1999 00:00,14-04-2015 00:00,0
70,14,US,IL,12-12-1990 00:00,08-06-2015 00:00,0
70,12,None,None,03-06-1998 00:00,02-06-2016 00:00,0
70,12,US,CA,13-01-2001 00:12,12-12-2015 10:16,0
70,15,None,None,11-01-2005 00:00,23-01-2014 00:00,0
70,15,US,CA,03-03-2000 00:00,12-01-2017 00:00,0
70,13,CA,Quebec,02-06-2004 00:00,21-03-2015 00:00,0
70,13,CH,Zug,21-11-1997 00:00,19-10-2016 00:00,0
70,13,PA,PANAMA,11-11-2007 00:00,18-12-2015 00:00,0
70,10,US,New York,11-06-2002 00:00,05-06-2014 00:00,0
70,13,None,None,None,None,0
70,13,US,VT,15-11-1995 00:00,15-09-2015 00:00,0
70,12,US,MO,None,None,0
70,14,US,VA,15-12-1994 00:00,10-12-2016 00:00,0
70,12,US,NV,23-07-1999 00:00,04-03-2017 00:00,0
70,14,US,California,17-08-1995 00:00,16-08-2016 00:00,0
70,13,US,WA,13-09-2000 00:00,29-08-2016 00:00,0
70,13,US,CA,07-09-1995 00:00,04-03-2017 00:00,0
71,6,US,Oregon,29-01-2003 23:45,07-08-2013 22:19,0
71,16,US,Washington,03-08-1999 00:00,14-12-2016 00:00,0
71,14,CA,ON,27-01-2010 00:00,07-08-2015 00:00,0
71,13,US,NV,01-11-1994 00:00,30-04-2014 00:00,0
71,13,US,CA,31-07-2000 00:00,29-06-2016 00:00,0
71,12,CA,ON,28-12-1998 00:00,17-12-2016 00:00,0
71,12,US,CA,18-01-1996 05:00,20-01-2017 01:26,0
71,11,PA,PANAMA,28-11-1999 00:00,04-04-2017 00:00,0
71,12,FR,None,15-03-2005 00:00,28-06-2016 00:00,0
71,14,None,None,None,None,0
71,11,US,CA,18-01-1995 00:00,26-08-2015 00:00,0
71,14,None,None,b,23-10-2013 00:00,0
71,12,US,NV,01-11-1994 00:00,30-04-2014 00:00,0
71,11,IN,TN,None,None,0
71,11,us,CA,17-11-2006 00:00,31-03-2016 00:00,0
71,15,TR,None,21-05-2006 00:00,17-05-2013 00:00,0
72,14,CA,ON,24-11-2001 00:00,08-08-2015 00:00,0
72,16,US,NY,23-03-1995 00:00,03-03-2017 00:00,0
72,12,KR,None,06-09-1997 00:00,11-01-2016 00:00,0
72,12,US,NY,31-10-1997 00:00,30-10-2016 00:00,0
72,12,US,UT,16-05-1995 00:00,21-10-2016 00:00,0
72,15,US,CA,22-09-2002 00:00,22-09-2016 00:00,0
72,13,None,None,None,None,0
72,14,US,VA,15-12-1994 00:00,10-12-2016 00:00,0
72,12,US,NV,01-11-1994 00:00,30-04-2014 00:00,0
72,9,BE,ANTWERP,13-10-2000 00:00,01-11-2012 00:00,0
72,15,None,None,None,None,0
72,12,Cyprus,None,04-07-2007 00:00,22-02-2017 00:00,0
72,13,None,None,01-05-2009 00:00,02-05-2016 00:00,0
72,12,CH,CH,08-04-2009 00:00,12-02-2016 00:00,0
72,14,PA,PANAMA,11-11-2007 00:00,18-12-2015 00:00,0
72,11,US,Tennessee,10-05-2007 19:20,18-04-2017 17:38,0
72,11,US,NJ,08-04-1998 00:00,25-10-2016 00:00,0
73,14,US,LA,20-10-2003 00:00,15-01-2015 00:00,0
73,17,US,PA,05-08-2008 00:00,06-08-2016 00:00,0
73,13,US,UT,16-05-1995 00:00,21-10-2016 00:00,0
73,14,US,NY,29-03-2008 00:00,10-02-2017 00:00,0
73,15,US,Arizona,15-12-2007 00:00,03-04-2016 00:00,0
73,13,US,UT,16-05-1995 00:00,21-10-2016 00:00,0
73,13,US,UT,16-05-1995 00:00,21-10-2016 00:00,0
73,15,US,CA,03-09-1996 04:00,30-09-2009 02:59,0
73,15,CA,ON,09-12-2003 00:00,22-10-2016 00:00,0
73,11,US,Illinois,02-08-2000 00:00,26-04-2017 00:00,0
73,11,US,CA,31-07-2000 00:00,29-06-2016 00:00,0
73,17,JP,TOKYO-TO,05-11-2007 15:14,12-03-2017 09:17,0
73,15,US,CA,02-06-1994 00:00,06-01-2017 00:00,0
73,12,None,None,09-01-2007 00:00,30-04-2013 00:00,0
73,13,US,MA,29-03-2000 00:00,25-12-2016 00:00,0
73,12,US,NV,01-11-1994 00:00,30-04-2014 00:00,0
73,17,US,CA,13-01-2001 00:12,12-12-2015 10:16,0
74,11,ru,Krasnoyarsk,22-08-2010 00:00,28-04-2017 00:00,1
74,12,US,Pennsylvania,20-03-2005 00:00,22-02-2017 00:00,0
74,15,None,None,16-09-2004 00:00,28-03-2016 00:00,0
74,13,US,NV,01-11-1994 00:00,30-04-2014 00:00,0
74,12,CA,Saskatchewan,03-07-2000 00:00,23-06-2016 00:00,0
74,16,US,NJ,03-10-1997 00:00,03-08-2014 00:00,0
74,13,US,TX,31-01-1996 00:00,16-08-2016 00:00,0
75,13,US,PA,20-08-2014 00:00,20-10-2016 00:00,1
75,15,US,CA,31-07-2000 00:00,29-06-2016 00:00,0
75,16,US,NJ,23-10-1994 00:00,01-11-2016 00:00,0
75,14,US,CA,13-01-2001 00:12,12-12-2015 10:16,0
75,13,None,None,08-09-2004 00:00,28-02-2017 00:00,0
75,14,US,CA,15-09-1997 00:00,20-07-2011 00:00,0
75,12,US,WA,16-11-1994 00:00,28-10-2015 00:00,0
75,15,US,FL,16-05-2000 00:00,17-03-2016 00:00,0
76,13,CA,Quebec,02-06-2004 00:00,21-03-2015 00:00,0
76,15,US,CA,09-01-1998 00:00,04-01-2017 00:00,0
76,12,None,None,02-10-2007 00:00,20-07-2014 00:00,0
76,13,None,None,14-12-2004 00:00,None,0
76,12,US,Alabama,03-10-1997 00:00,31-12-2016 00:00,0
76,14,None,None,02-10-2000 00:00,03-06-2016 00:00,0
77,15,US,UT,05-02-1999 00:00,16-06-2014 00:00,0
77,13,US,UT,16-05-1995 00:00,21-10-2016 00:00,0
77,14,US,CO,16-06-2014 00:00,31-07-2016 00:00,0
77,14,None,None,07-02-2006 00:00,08-02-2017 00:00,0
77,14,US,CA,31-07-2000 00:00,29-06-2016 00:00,0
77,13,US,va,29-04-1994 00:00,30-08-2013 00:00,0
77,14,US,CA,18-01-1995 00:00,26-08-2015 00:00,0
78,10,US,NY,18-01-1994 00:00,21-10-2016 00:00,0
78,16,US,LA,20-10-2003 00:00,15-01-2015 00:00,0
78,17,US,CA,13-01-2001 00:12,12-12-2015 10:16,0
78,11,US,WA,07-12-2006 00:00,02-03-2017 00:00,0
78,15,JP,Tottori,14-04-2017 00:00,18-04-2017 00:00,0
78,16,US,CA,31-07-2000 00:00,29-06-2016 00:00,0
78,13,US,NY,10-08-1995 00:00,05-08-2016 00:00,0
78,15,US,DC,18-10-2005 00:00,14-10-2016 00:00,0
78,13,US,CA,13-01-2001 00:12,12-12-2015 10:16,0
78,10,US,NY,18-01-1994 00:00,21-10-2016 00:00,0
78,12,US,WA,16-11-1994 00:00,28-10-2015 00:00,0
78,13,US,WA,13-09-2000 00:00,29-08-2016 00:00,0
78,12,US,NV,01-11-1994 00:00,30-04-2014 00:00,0
78,17,US,UT,16-05-1995 00:00,21-10-2016 00:00,0
78,16,US,CA,24-02-1996 00:00,18-01-2017 00:00,0
79,13,US,Arkansas,23-06-1999 00:00,12-06-2015 00:00,0
79,14,CA,QC,24-10-1996 00:00,24-08-2015 00:00,0
79,14,US,PA,03-05-2006 00:00,08-08-2016 00:00,0
79,9,US,NJ,26-05-1994 00:00,21-05-2016 00:00,0
79,15,US,Washington,16-09-2004 00:00,28-03-2016 00:00,0
79,15,US,Arizona,17-08-2010 00:00,17-08-2016 00:00,0
79,16,US,IL,02-03-2000 00:00,03-03-2017 00:00,0
79,15,None,None,26-01-2002 00:00,12-01-2017 00:00,0
80,16,US,California,04-02-1996 00:00,10-08-2016 00:00,0
80,12,US,CA,23-07-2004 00:00,04-03-2017 00:00,0
80,12,US,CA,31-07-2000 00:00,29-06-2016 00:00,0
80,15,US,CA,09-01-1998 00:00,04-01-2017 00:00,0
80,13,US,CA,18-01-1995 00:00,26-08-2015 00:00,0
80,14,None,None,05-06-2003 00:00,26-11-2014 00:00,0
80,13,None,None,19-11-1998 00:00,29-09-2016 00:00,0
80,11,US,CA,08-09-2003 00:00,03-03-2017 00:00,0
80,16,US,NV,01-11-1994 00:00,30-04-2014 00:00,0
80,13,US,CA,31-07-2000 00:00,29-06-2016 00:00,0
80,12,US,AZ,10-03-1998 00:00,05-03-2017 00:00,0
81,17,US,California,18-06-2003 00:00,14-06-2016 00:00,1
81,17,US,California,18-06-2003 00:00,14-06-2016 00:00,1
81,14,US,CA,31-07-2000 00:00,29-06-2016 00:00,0
81,18,US,OK,07-07-1999 00:00,24-05-2016 00:00,0
81,16,US,UT,05-02-1999 00:00,16-06-2014 00:00,0
81,15,None,None,None,None,0
81,13,US,NY,25-02-2005 00:00,27-12-2015 00:00,0
81,11,US,WA,07-04-2011 00:00,11-03-2017 00:00,0
81,16,US,FL,12-02-1999 00:00,14-12-2016 00:00,0
81,15,US,Illinois,22-08-2003 00:00,26-12-2012 00:00,0
81,12,US,Florida,20-08-2000 00:00,25-02-2017 00:00,0
82,17,US,California,18-06-2003 00:00,14-06-2016 00:00,1
82,17,US,California,18-06-2003 00:00,14-06-2016 00:00,1
82,17,US,California,18-06-2003 00:00,14-06-2016 00:00,1
82,17,US,California,18-06-2003 00:00,14-06-2016 00:00,1
82,13,PA,PANAMA,03-03-2004 00:00,31-03-2017 00:00,0
82,17,US,WA,10-11-1994 00:00,08-10-2014 00:00,0
82,14,None,None,18-10-2000 00:00,29-01-2017 00:00,0
82,17,None,None,11-10-2005 00:00,10-12-2016 00:00,0
82,17,US,FL,09-07-1995 00:00,25-05-2016 00:00,0
82,13,US,Florida,02-10-2007 00:00,20-07-2014 00:00,0
82,18,US,CA,31-07-2000 00:00,29-06-2016 00:00,0
82,12,US,Florida,22-09-2000 00:00,02-09-2016 00:00,0
82,14,None,None,17-04-1996 00:00,18-04-2017 00:00,0
83,17,US,California,18-06-2003 00:00,14-06-2016 00:00,1
83,17,US,NV,01-11-1994 00:00,30-04-2014 00:00,0
83,11,JP,Fukuoka,15-09-2013 00:00,04-08-2016 00:00,0
83,16,US,WA,25-11-1995 00:00,09-10-2015 00:00,0
83,21,US,CO,02-04-2009 00:00,21-03-2017 00:00,0
83,14,None,None,14-10-1999 00:00,20-11-2013 00:00,0
83,15,US,CA,31-07-2000 00:00,29-06-2016 00:00,0
83,19,AE,Dubai,10-12-2010 00:00,11-10-2016 00:00,0
83,13,US,Minnesota,05-11-1996 05:00,29-08-2016 20:58,0
83,17,None,None,16-09-2004 00:00,28-03-2016 00:00,0
84,15,US,Washington,08-03-2003 00:00,09-03-2017 00:00,1
84,17,US,UTAH,12-08-2005 00:00,12-08-2016 00:00,0
84,12,US,Arizona,09-02-2005 00:00,02-02-2016 00:00,0
84,15,US,Texas,23-11-1998 00:00,24-04-2015 00:00,0
84,14,US,CA,29-03-1997 00:00,29-11-2016 00:00,0
84,14,US,CA,31-07-2000 00:00,29-06-2016 00:00,0
85,13,US,Washington,14-03-2004 00:00,15-03-2017 00:00,1
85,18,US,NJ,27-06-1996 00:00,01-11-2016 00:00,0
85,12,US,WA,07-04-2011 00:00,11-03-2017 00:00,0
85,15,US,CA,31-07-2000 00:00,29-06-2016 00:00,0
86,15,US,CA,31-07-2000 00:00,29-06-2016 00:00,0
86,17,US,MI,19-05-2016 00:00,26-09-2016 00:00,0
86,16,US,Arizona,24-05-2006 00:00,06-10-2016 00:00,0
86,17,US,WA,12-02-2000 00:00,16-08-2016 00:00,0
86,13,US,IL,03-05-2004 00:00,04-05-2016 00:00,0
86,16,US,CA,31-07-2000 00:00,29-06-2016 00:00,0
86,15,US,California,15-12-1998 00:00,25-04-2016 00:00,0
86,16,US,CA,15-04-2002 00:00,13-04-2016 00:00,0
87,17,US,California,08-05-2001 00:00,19-04-2015 00:00,0
87,13,US,CA,13-01-2001 00:12,12-12-2015 10:16,0
87,18,US,FL,05-02-2009 00:00,16-01-2017 00:00,0
87,15,US,va,29-04-1994 00:00,30-08-2013 00:00,0
87,14,US,KS,07-07-1997 00:00,05-07-2016 00:00,0
87,16,US,CA,05-03-1994 00:00,02-02-2017 00:00,0
87,16,US,CA,31-07-2000 00:00,29-06-2016 00:00,0
88,14,US,NY,22-05-1995 00:00,21-04-2016 00:00,0
88,15,US,WV,23-04-1996 00:00,26-03-2017 00:00,0
88,17,US,va,29-04-1994 00:00,30-08-2013 00:00,0
88,17,CA,ON,01-08-2007 00:00,03-03-2016 00:00,0
88,16,None,None,21-05-1997 00:00,26-07-2016 00:00,0
88,15,US,WA,16-11-1994 00:00,28-10-2015 00:00,0
88,15,None,None,25-03-2010 00:00,25-03-2017 00:00,0
88,13,US,NY,27-01-1995 00:00,24-01-2017 00:00,0
88,16,US,va,29-04-1994 00:00,30-08-2013 00:00,0
89,18,ES,Barcelona,17-09-2008 00:00,02-09-2016 00:00,1
89,12,US,GA,09-08-1994 00:00,23-06-2016 00:00,0
89,20,US,CA,26-03-2002 00:00,23-02-2017 00:00,0
89,16,US,New York,26-04-1996 00:00,20-12-2013 00:00,0
89,13,US,CA,19-05-2003 00:00,10-10-2016 00:00,0
89,14,None,None,None,None,0
89,16,US,IL,12-12-1990 00:00,08-06-2015 00:00,0
89,17,US,CA,31-07-2000 00:00,29-06-2016 00:00,0
89,15,US,NY,18-01-1994 00:00,21-10-2016 00:00,0
89,20,US,CA,04-08-1995 00:00,26-01-2017 00:00,0
90,15,None,None,20-10-2000 00:00,28-04-2017 00:00,0
90,16,US,TX,02-07-1999 00:00,09-03-2015 00:00,0
90,17,US,New York,17-03-2009 00:00,07-04-2016 00:00,0
90,17,CA,ON,27-05-2006 00:00,08-08-2015 00:00,0
90,16,US,IL,25-07-1995 00:00,22-03-2017 00:00,0
90,17,US,CA,04-08-1995 00:00,26-01-2017 00:00,0
90,16,US,CA,04-08-1995 00:00,26-01-2017 00:00,0
91,17,US,CA,31-07-2000 00:00,29-06-2016 00:00,0
91,14,IE,CO. DUBLIN,11-08-2009 00:00,04-03-2017 00:00,0
91,19,PH,Metro Manila,24-03-2005 00:00,13-03-2017 00:00,0
92,19,US,MI,08-07-1996 00:00,27-09-2012 00:00,0
92,18,US,NY,29-03-1994 00:00,26-03-2017 00:00,0
92,17,US,va,29-04-1994 00:00,30-08-2013 00:00,0
92,18,None,None,None,None,0
92,15,US,FL,01-02-1994 00:00,28-04-2016 00:00,0
92,16,US,FL,01-02-1994 00:00,28-04-2016 00:00,0
92,18,US,CA,29-03-1997 00:00,29-11-2016 00:00,0
93,19,US,California,18-06-2003 00:00,14-06-2016 00:00,1
93,19,US,va,29-04-1994 00:00,30-08-2013 00:00,0
94,20,US,Massachusetts,02-01-2016 00:00,13-02-2017 00:00,1
94,19,US,California,18-06-2003 00:00,14-06-2016 00:00,1
94,19,US,California,18-06-2003 00:00,14-06-2016 00:00,1
94,19,US,Massachusetts,24-02-2008 18:32,25-02-2017 14:18,0
95,19,US,California,18-06-2003 00:00,14-06-2016 00:00,1
95,19,US,California,18-06-2003 00:00,14-06-2016 00:00,1
95,14,GB,London,02-12-1997 00:00,16-11-2016 00:00,0
95,19,US,CA,03-03-2000 00:00,12-01-2017 00:00,0
95,19,None,None,17-10-2008 00:00,24-03-2017 00:00,0
95,15,None,None,None,None,0
95,19,US,DC,16-02-2010 00:00,11-02-2017 00:00,0
96,18,US,va,10-05-1996 00:00,09-04-2017 00:00,0
96,15,US,DC,27-01-2007 00:00,22-01-2017 00:00,0
96,19,US,California,24-09-2006 00:00,26-08-2015 00:00,0
97,15,UY,Montevideo,08-06-2009 03:48,30-05-2016 18:18,1
97,15,UY,Montevideo,08-06-2009 03:48,30-05-2016 18:18,1
97,17,US,LA,20-10-2003 00:00,15-01-2015 00:00,0
97,19,None,None,None,None,0
97,15,US,PA,19-04-2003 00:00,26-09-2013 00:00,0
98,19,US,UT,05-02-1999 00:00,16-06-2014 00:00,0
98,16,None,None,20-12-1999 00:00,21-10-2016 00:00,0
98,18,KG,KG,29-12-2007 00:00,14-11-2016 00:00,0
98,18,US,nj,04-03-1996 00:00,01-02-2017 00:00,0
98,16,US,CA,06-08-2002 00:00,05-08-2013 00:00,0
98,18,KG,KG,29-12-2007 00:00,14-11-2016 00:00,0
99,20,ES,Barcelona,17-09-2008 00:00,02-09-2016 00:00,1
99,20,ES,Barcelona,17-09-2008 00:00,02-09-2016 00:00,1
99,14,US,IL,10-01-2000 00:00,08-11-2016 00:00,0
99,16,US,FLORIDA,17-05-2007 00:00,17-05-2016 00:00,0
99,22,SC,Other,10-08-2016 00:00,13-08-2016 00:00,0
99,15,CA,ON,23-12-1995 00:00,08-02-2017 00:00,0
100,20,ES,Barcelona,17-09-2008 00:00,02-09-2016 00:00,1
100,20,ES,Barcelona,17-09-2008 00:00,02-09-2016 00:00,1
100,20,ES,Barcelona,17-09-2008 00:00,02-09-2016 00:00,1
100,20,ES,Barcelona,17-09-2008 00:00,02-09-2016 00:00,1
100,20,ES,Barcelona,17-09-2008 00:00,02-09-2016 00:00,1
100,20,ES,Barcelona,17-09-2008 00:00,02-09-2016 00:00,1
100,20,ES,Barcelona,17-09-2008 00:00,02-09-2016 00:00,1
100,20,ES,Barcelona,17-09-2008 00:00,02-09-2016 00:00,1
100,20,ES,Barcelona,17-09-2008 00:00,02-09-2016 00:00,1
100,20,ES,Barcelona,17-09-2008 00:00,02-09-2016 00:00,1
100,20,ES,Barcelona,17-09-2008 00:00,02-09-2016 00:00,1
100,20,ES,Barcelona,17-09-2008 00:00,02-09-2016 00:00,1
100,20,ES,Barcelona,17-09-2008 00:00,02-09-2016 00:00,1
100,20,ES,Barcelona,17-09-2008 00:00,02-09-2016 00:00,1
100,20,ES,Barcelona,17-09-2008 00:00,02-09-2016 00:00,1
100,20,ES,Barcelona,17-09-2008 00:00,02-09-2016 00:00,1
100,20,ES,Barcelona,17-09-2008 00:00,02-09-2016 00:00,1
100,20,ES,Barcelona,17-09-2008 00:00,02-09-2016 00:00,1
100,20,ES,Barcelona,17-09-2008 00:00,02-09-2016 00:00,1
100,20,ES,Barcelona,17-09-2008 00:00,02-09-2016 00:00,1
100,20,ES,Barcelona,17-09-2008 00:00,02-09-2016 00:00,1
100,20,ES,Barcelona,17-09-2008 00:00,02-09-2016 00:00,1
100,20,ES,Barcelona,17-09-2008 00:00,02-09-2016 00:00,1
100,20,ES,Barcelona,17-09-2008 00:00,02-09-2016 00:00,1
100,17,None,None,27-09-2000 00:00,26-07-2016 00:00,0
100,15,CA,British Columbia,05-11-2003 00:00,06-11-2016 00:00,0
100,19,CA,QUEBEC,03-01-2009 00:00,03-01-2017 00:00,0
101,21,UK,None,22-11-1995 00:00,22-11-2016 00:00,0
101,20,US,California,24-09-2006 00:00,26-08-2015 00:00,0
101,20,US,DE,26-06-2007 00:00,24-04-2017 00:00,0
101,16,CA,ON,23-12-1995 00:00,08-02-2017 00:00,0
101,20,US,CA,31-07-2000 00:00,29-06-2016 00:00,0
101,18,US,New York,01-03-1994 00:00,19-02-2017 00:00,0
101,19,US,FL,13-12-1993 05:00,02-07-2015 17:44,0
101,15,CA,ON,14-12-2009 00:00,13-12-2016 00:00,0
102,16,CA,ON,20-12-1999 00:00,21-10-2016 00:00,0
102,12,US,CA,14-12-1995 05:00,06-12-2016 21:52,0
102,20,US,DC,16-02-2010 00:00,11-02-2017 00:00,0
102,17,US,NY,01-04-2008 22:47,02-04-2017 01:35,0
102,18,US,FL,01-02-1994 00:00,28-04-2016 00:00,0
103,21,US,Washington,28-11-1994 00:00,21-03-2017 00:00,0
103,17,US,OH,30-10-2002 00:00,15-03-2017 00:00,0
103,17,BE,None,16-01-2001 00:00,07-04-2017 00:00,0
103,16,US,AZ,09-12-1998 00:00,24-10-2016 00:00,0
103,20,US,California,06-09-2005 00:00,13-08-2015 00:00,0
104,17,US,DC,07-11-2003 00:00,03-11-2016 00:00,0
104,16,US,NY,18-03-1999 00:00,15-02-2016 00:00,0
104,18,US,WA,08-02-2005 00:00,05-03-2017 00:00,0
104,20,US,IL,08-12-2016 00:00,15-02-2017 00:00,0
104,17,US,UT,21-11-1996 00:00,22-10-2016 00:00,0
105,20,None,None,None,None,1
105,21,US,MO,03-09-1996 00:00,08-12-2016 00:00,0
105,17,None,None,27-09-2000 00:00,26-07-2016 00:00,0
105,22,US,NY,29-09-1993 00:00,24-09-2016 00:00,0
106,21,US,NY,18-01-1994 00:00,21-10-2016 00:00,0
106,18,US,IL,19-12-1995 00:00,08-06-2015 00:00,0
106,18,US,MA,23-03-1999 00:00,19-03-2016 00:00,0
106,19,US,CO,27-01-2011 00:00,05-01-2017 00:00,0
106,19,US,NY,29-03-1994 00:00,26-03-2017 00:00,0
106,22,US,CA,13-01-1996 00:00,11-12-2016 00:00,0
107,23,US,NY,18-01-1994 00:00,21-10-2016 00:00,0
108,21,US,CA,28-02-1994 05:00,16-01-2017 17:49,0
108,23,US,NJ,26-06-1996 00:00,22-05-2015 00:00,0
108,18,US,VA,16-05-1995 04:00,14-01-2017 16:52,0
109,20,US,DC,16-07-2007 00:00,12-07-2016 00:00,0
109,18,US,FL,01-02-1994 00:00,28-04-2016 00:00,0
110,21,None,None,22-05-2009 00:00,07-05-2016 00:00,0
110,15,US,Florida,10-03-2006 00:00,14-02-2016 00:00,0
111,22,PA,PANAMA,18-12-2006 00:00,25-11-2016 00:00,0
112,19,None,None,08-04-2009 00:00,09-04-2017 00:00,0
112,19,us,California,10-09-1998 00:00,17-02-2016 00:00,0
113,18,US,MA,23-03-1999 00:00,19-03-2016 00:00,0
113,21,US,MA,26-06-1995 00:00,13-11-2013 00:00,0
114,17,None,None,28-12-2007 00:00,21-02-2017 00:00,0
114,23,US,DE,28-07-1999 00:00,10-09-2016 00:00,0
114,19,CA,bc,28-02-2002 00:00,29-11-2014 00:00,0
114,18,NL,Noord-Holland,08-02-1999 00:00,13-07-2014 00:00,0
115,18,US,NY,12-03-1999 00:00,16-11-2016 00:00,0
115,20,US,NY,18-01-1994 00:00,21-10-2016 00:00,0
115,19,US,NY,16-06-2000 17:03,11-08-2015 20:35,0
116,19,FR,Paris,27-02-1995 00:00,28-01-2017 00:00,0
116,18,CA,ON,13-02-1999 00:00,10-05-2016 00:00,0
116,18,US,MO,12-06-2001 20:58,10-06-2016 13:57,0
117,22,None,None,23-05-1995 00:00,21-05-2015 00:00,0
117,19,None,None,16-01-2008 00:00,02-03-2017 00:00,0
118,28,US,CA,03-03-2000 00:00,12-01-2017 00:00,0
118,23,US,CA,04-08-1995 00:00,26-01-2017 00:00,0
120,20,US,NJ,31-07-1997 00:00,12-11-2015 00:00,0
120,20,US,MA,26-06-1995 00:00,13-11-2013 00:00,0
122,22,ES,Barcelona,17-09-2008 00:00,02-09-2016 00:00,1
122,23,ES,Barcelona,17-09-2008 00:00,02-09-2016 00:00,1
122,23,US,Arizona,04-03-2006 00:00,14-01-2012 00:00,0
122,21,None,None,01-11-2000 00:00,27-01-2017 00:00,0
123,24,ES,Barcelona,17-09-2008 00:00,02-09-2016 00:00,1
123,25,ES,Barcelona,17-09-2008 00:00,02-09-2016 00:00,1
123,18,US,MA,23-03-1999 00:00,19-03-2016 00:00,0
123,24,US,NJ,26-05-1994 00:00,21-05-2016 00:00,0
123,21,US,CA,18-12-2008 00:00,19-12-2016 00:00,0
123,21,None,None,31-08-2003 00:00,31-03-2016 00:00,0
124,23,ES,Barcelona,17-09-2008 00:00,02-09-2016 00:00,1
124,24,ES,Barcelona,17-09-2008 00:00,02-09-2016 00:00,1
125,20,US,California,24-09-2006 00:00,26-08-2015 00:00,0
126,25,ES,Barcelona,17-09-2008 00:00,02-09-2016 00:00,1
126,24,ES,Barcelona,17-09-2008 00:00,02-09-2016 00:00,1
126,23,ES,Barcelona,17-09-2008 00:00,02-09-2016 00:00,1
126,25,ES,Barcelona,17-09-2008 00:00,02-09-2016 00:00,1
126,22,US,IL,03-06-1997 00:00,01-06-2016 00:00,0
126,22,None,None,29-04-1999 00:00,29-03-2017 00:00,0
126,19,CH,Zug,22-06-1998 00:00,20-05-2016 00:00,0
128,25,UK,None,18-04-1995 00:00,14-11-2016 00:00,0
129,25,ES,Barcelona,17-09-2008 00:00,02-09-2016 00:00,1
129,18,US,MA,23-03-1999 00:00,19-03-2016 00:00,0
131,36,US,WA,11-01-1999 00:00,04-04-2017 00:00,1
132,26,ES,Barcelona,17-09-2008 00:00,02-09-2016 00:00,1
132,27,ES,Barcelona,17-09-2008 00:00,02-09-2016 00:00,1
134,24,ES,Barcelona,17-09-2008 00:00,02-09-2016 00:00,1
135,26,ES,Barcelona,17-09-2008 00:00,02-09-2016 00:00,1
135,27,ES,Barcelona,17-09-2008 00:00,02-09-2016 00:00,1
135,26,ES,Barcelona,17-09-2008 00:00,02-09-2016 00:00,1
136,43,None,None,14-12-1999 00:00,27-05-2016 00:00,0
137,25,US,Arizona,28-01-2004 00:00,08-12-2016 00:00,0
139,21,None,None,None,None,0
140,26,ES,Barcelona,17-09-2008 00:00,02-09-2016 00:00,1
141,27,ES,Barcelona,17-09-2008 00:00,02-09-2016 00:00,1
141,24,US,CA,18-01-1995 00:00,26-08-2015 00:00,0
141,30,US,Arizona,28-03-2007 00:00,02-04-2016 00:00,0
142,22,US,IL,27-07-1995 00:00,08-06-2015 00:00,0
143,26,ES,Barcelona,17-09-2008 00:00,02-09-2016 00:00,1
143,27,ES,Barcelona,17-09-2008 00:00,02-09-2016 00:00,1
143,22,US,DC,15-06-2006 00:00,22-06-2016 00:00,0
144,21,None,None,27-09-2000 00:00,26-07-2016 00:00,0
145,26,ES,Barcelona,17-09-2008 00:00,02-09-2016 00:00,1
145,27,ES,Barcelona,17-09-2008 00:00,02-09-2016 00:00,1
145,29,ES,Barcelona,17-09-2008 00:00,02-09-2016 00:00,1
145,31,US,NY,10-08-1995 00:00,05-08-2016 00:00,0
146,27,ES,Barcelona,17-09-2008 00:00,02-09-2016 00:00,1
146,28,ES,Barcelona,17-09-2008 00:00,02-09-2016 00:00,1
146,24,US,Arizona,13-07-1998 00:00,28-03-2017 00:00,0
149,23,CA,Quebec,08-01-1997 00:00,02-06-2009 00:00,0
150,26,ES,Barcelona,17-09-2008 00:00,02-09-2016 00:00,1
151,29,ES,Barcelona,17-09-2008 00:00,02-09-2016 00:00,1
154,21,US,UT,29-07-1998 04:00,17-03-2016 04:34,0
156,31,ES,Barcelona,17-09-2008 00:00,02-09-2016 00:00,1
160,29,US,CA,14-08-1997 00:00,14-06-2016 00:00,0
161,23,None,None,23-11-2010 00:00,20-11-2015 00:00,0
169,25,BS,New Providence,20-12-2008 00:00,11-12-2015 00:00,0
170,17,ES,Barcelona,17-09-2008 00:00,02-09-2016 00:00,1
173,34,ES,Barcelona,17-09-2008 00:00,02-09-2016 00:00,1
178,16,ES,Barcelona,17-09-2008 00:00,02-09-2016 00:00,1
183,29,US,NY,26-06-1997 00:00,18-11-2014 00:00,0
194,17,ES,Barcelona,17-09-2008 00:00,02-09-2016 00:00,1
194,16,ES,Barcelona,17-09-2008 00:00,02-09-2016 00:00,1
198,17,ES,Barcelona,17-09-2008 00:00,02-09-2016 00:00,1
201,34,US,FL,15-02-1999 00:00,15-07-2015 00:00,0
234,34,US,CA,01-04-1998 00:00,09-12-2016 00:00,0
249,40,US,Wisconsin,14-11-2008 00:00,20-11-2013 00:00,0